Workbook

Sheet Planilha1
A1: REL 06GQ10 | D1: AVALIAÇÃO DOS CERTIFICADOS DE CALIBRAÇÃO DE DATA LOGGERS - TESTO 174H
A2: Versão: 00 Data: (data do relatório)
A5: INSTRUMENTO | C5: Marca | F5: ESPECIFICAÇÕES / CRITÉRIOS DE ACEITAÇÃO | K5: TEMPERATURA | S5: Legenda:
C6: TESTO | K6: RESOLUÇÃO | M6: 0.1 | N6: UNIDADE | P6: °C | Q6: DMA | R6: 0.5 | S6: DMA: Desvio Máximo Aceitável
C7: Modelo | K7: UMIDADE | S7: Inc.: Incerteza de Medição
C8: 174H | K8: RESOLUÇÃO | M8: 0.1 | N8: UNIDADE | P8: % | Q8: DMA | R8: 5
F9: Temperatura | P9: Umidade
D10: Ponto de calibração: | G10: -20,0°C | I10: 0,0°C | K10: 15,0°C | M10: 60,0°C | O10: Temperatura | P10: 10,0 %U.R. | S10: 50,0 %U.R. | V10: 90,0 %U.R. | Y10: Umidade
A11: N° Série | B11: TAG | C11: Calibrado em | D11: Validade | E11: Certificado | F11: Inc. | G11: Erro | H11: Resultado | I11: Erro | J11: Resultado | K11: Erro | L11: Resultado | M11: Erro | N11: Resultado | O11: RESULTADO | P11: Inc. | Q11: Erro | R11: Resultado | S11: Inc. | T11: Erro | U11: Resultado | V11: Inc. | W11: Erro | X11: Resultado | Y11: RESULTADO
A12: 37323285 | B12: DLH-0002 | C12: 45855 | D12: 46220 | E12: 605514 | F12: 0.2 | G12: 0.09 | H12: 0.29 | I12: 0.09 | J12: 0.29 | K12: -0.01 | L12: 0.21 | M12: -0.11 | N12: 0.31 | O12: =IF(OR(INDEX([1]Relação_Calibrações_Localização!$F$8:$F$259,MATCH(B12,[1]Relação_Calibrações_Localização!$B$8:$B$259,0))="PERDIDO",INDEX([1]Relação_Calibrações_Localização!F9:F259,MATCH(B12,[1]Relação_Calibrações_Localização!$B$8:$B$259,0))="NÃO LOCALIZADO"),"PERDIDO", IF(OR(G12="",I12="",K12="",M12=""),"INDETERMINADO",IF(MAX(H12,J12,L12,N12)<=0.5,"APROVADO","REPROVADO"))) -> APROVADO | P12: 0.4 | Q12: 2.8 | R12: 3.2 | S12: 1 | T12: 0.3 | U12: 1.3 | V12: 1.5 | W12: -0.4 | X12: 1.9 | Y12: =IF(OR(INDEX([1]Relação_Calibrações_Localização!$F$8:$F$259,MATCH(B12,[1]Relação_Calibrações_Localização!$B$8:$B$259,0))="PERDIDO",INDEX([1]Relação_Calibrações_Localização!F9:F259,MATCH(B12,[1]Relação_Calibrações_Localização!$B$8:$B$259,0))="NÃO LOCALIZADO"),"PERDIDO", IF(OR(Q12="",T12="",W12=""),"INDETERMINADO",IF(MAX(R12,U12,X12)<=5,"APROVADO","REPROVADO"))) -> APROVADO
A13: 37323286 | B13: DLH-0003 | C13: 45855 | D13: 46220 | E13: 605477 | F13: 0.2 | G13: -0.21 | H13: 0.41 | I13: -0.11 | J13: 0.31 | K13: -0.11 | L13: 0.31 | M13: 0.09 | N13: 0.29 | O13: =IF(OR(INDEX([1]Relação_Calibrações_Localização!$F$8:$F$259,MATCH(B13,[1]Relação_Calibrações_Localização!$B$8:$B$259,0))="PERDIDO",INDEX([1]Relação_Calibrações_Localização!F10:F260,MATCH(B13,[1]Relação_Calibrações_Localização!$B$8:$B$259,0))="NÃO LOCALIZADO"),"PERDIDO", IF(OR(G13="",I13="",K13="",M13=""),"INDETERMINADO",IF(MAX(H13,J13,L13,N13)<=0.5,"APROVADO","REPROVADO"))) -> APROVADO | P13: 0.4 | Q13: 3 | R13: 3.4 | S13: 1 | T13: 2.5 | U13: 3.5 | V13: 1.5 | W13: 2.9 | X13: 4.4 | Y13: =IF(OR(INDEX([1]Relação_Calibrações_Localização!$F$8:$F$259,MATCH(B13,[1]Relação_Calibrações_Localização!$B$8:$B$259,0))="PERDIDO",INDEX([1]Relação_Calibrações_Localização!F10:F260,MATCH(B13,[1]Relação_Calibrações_Localização!$B$8:$B$259,0))="NÃO LOCALIZADO"),"PERDIDO", IF(OR(Q13="",T13="",W13=""),"INDETERMINADO",IF(MAX(R13,U13,X13)<=5,"APROVADO","REPROVADO"))) -> APROVADO
A14: 37326170 | B14: DLH-0004 | C14: 45855 | D14: 46220 | E14: 605462 | F14: 0.2 | G14: -0.11 | H14: 0.31 | I14: -0.11 | J14: 0.31 | K14: -0.01 | L14: 0.21 | M14: 0.19 | N14: 0.39 | O14: =IF(OR(INDEX([1]Relação_Calibrações_Localização!$F$8:$F$259,MATCH(B14,[1]Relação_Calibrações_Localização!$B$8:$B$259,0))="PERDIDO",INDEX([1]Relação_Calibrações_Localização!F11:F261,MATCH(B14,[1]Relação_Calibrações_Localização!$B$8:$B$259,0))="NÃO LOCALIZADO"),"PERDIDO", IF(OR(G14="",I14="",K14="",M14=""),"INDETERMINADO",IF(MAX(H14,J14,L14,N14)<=0.5,"APROVADO","REPROVADO"))) -> APROVADO | P14: 0.4 | Q14: 2.8 | R14: 3.2 | S14: 1 | T14: 0.5 | U14: 1.5 | V14: 1.5 | W14: 1.1 | X14: 2.6 | Y14: =IF(OR(INDEX([1]Relação_Calibrações_Localização!$F$8:$F$259,MATCH(B14,[1]Relação_Calibrações_Localização!$B$8:$B$259,0))="PERDIDO",INDEX([1]Relação_Calibrações_Localização!F11:F261,MATCH(B14,[1]Relação_Calibrações_Localização!$B$8:$B$259,0))="NÃO LOCALIZADO"),"PERDIDO", IF(OR(Q14="",T14="",W14=""),"INDETERMINADO",IF(MAX(R14,U14,X14)<=5,"APROVADO","REPROVADO"))) -> APROVADO
A15: 37326227 | B15: DLH-0006 | C15: 45855 | D15: 46220 | E15: 605420 | F15: 0.2 | G15: -0.11 | H15: 0.31 | I15: -0.01 | J15: 0.21 | K15: -0.01 | L15: 0.21 | M15: 0.09 | N15: 0.29 | O15: =IF(OR(INDEX([1]Relação_Calibrações_Localização!$F$8:$F$259,MATCH(B15,[1]Relação_Calibrações_Localização!$B$8:$B$259,0))="PERDIDO",INDEX([1]Relação_Calibrações_Localização!F13:F263,MATCH(B15,[1]Relação_Calibrações_Localização!$B$8:$B$259,0))="NÃO LOCALIZADO"),"PERDIDO", IF(OR(G15="",I15="",K15="",M15=""),"INDETERMINADO",IF(MAX(H15,J15,L15,N15)<=0.5,"APROVADO","REPROVADO"))) -> APROVADO | P15: 0.4 | Q15: 2.8 | R15: 3.2 | S15: 1 | T15: 3.6 | U15: 4.6 | V15: 1.5 | W15: 1.5 | X15: 3 | Y15: =IF(OR(INDEX([1]Relação_Calibrações_Localização!$F$8:$F$259,MATCH(B15,[1]Relação_Calibrações_Localização!$B$8:$B$259,0))="PERDIDO",INDEX([1]Relação_Calibrações_Localização!F13:F263,MATCH(B15,[1]Relação_Calibrações_Localização!$B$8:$B$259,0))="NÃO LOCALIZADO"),"PERDIDO", IF(OR(Q15="",T15="",W15=""),"INDETERMINADO",IF(MAX(R15,U15,X15)<=5,"APROVADO","REPROVADO"))) -> APROVADO
A16: 37331967 | B16: DLH-0007 | C16: 45855 | D16: 46220 | E16: 605430 | F16: 0.2 | G16: -0.21 | H16: 0.41 | I16: -0.21 | J16: 0.41 | K16: -0.11 | L16: 0.31 | M16: -0.01 | N16: 0.21 | O16: =IF(OR(INDEX([1]Relação_Calibrações_Localização!$F$8:$F$259,MATCH(B16,[1]Relação_Calibrações_Localização!$B$8:$B$259,0))="PERDIDO",INDEX([1]Relação_Calibrações_Localização!F14:F264,MATCH(B16,[1]Relação_Calibrações_Localização!$B$8:$B$259,0))="NÃO LOCALIZADO"),"PERDIDO", IF(OR(G16="",I16="",K16="",M16=""),"INDETERMINADO",IF(MAX(H16,J16,L16,N16)<=0.5,"APROVADO","REPROVADO"))) -> APROVADO | P16: 0.4 | Q16: 4.9 | R16: 5.3 | S16: 1 | T16: 4.2 | U16: 5.2 | V16: 1.5 | W16: 3.5 | X16: 5 | Y16: =IF(OR(INDEX([1]Relação_Calibrações_Localização!$F$8:$F$259,MATCH(B16,[1]Relação_Calibrações_Localização!$B$8:$B$259,0))="PERDIDO",INDEX([1]Relação_Calibrações_Localização!F14:F264,MATCH(B16,[1]Relação_Calibrações_Localização!$B$8:$B$259,0))="NÃO LOCALIZADO"),"PERDIDO", IF(OR(Q16="",T16="",W16=""),"INDETERMINADO",IF(MAX(R16,U16,X16)<=5,"APROVADO","REPROVADO"))) -> REPROVADO
A17: 37331975 | B17: DLH-0008 | C17: 45855 | D17: 46220 | E17: 605444 | F17: 0.2 | G17: -0.21 | H17: 0.41 | I17: -0.21 | J17: 0.41 | K17: -0.11 | L17: 0.31 | M17: -0.01 | N17: 0.21 | O17: =IF(OR(INDEX([1]Relação_Calibrações_Localização!$F$8:$F$259,MATCH(B17,[1]Relação_Calibrações_Localização!$B$8:$B$259,0))="PERDIDO",INDEX([1]Relação_Calibrações_Localização!F15:F265,MATCH(B17,[1]Relação_Calibrações_Localização!$B$8:$B$259,0))="NÃO LOCALIZADO"),"PERDIDO", IF(OR(G17="",I17="",K17="",M17=""),"INDETERMINADO",IF(MAX(H17,J17,L17,N17)<=0.5,"APROVADO","REPROVADO"))) -> APROVADO | P17: 0.4 | Q17: 3.6 | R17: 4 | S17: 1 | T17: 3.3 | U17: 4.3 | V17: 1.5 | W17: 1.9 | X17: 3.4 | Y17: =IF(OR(INDEX([1]Relação_Calibrações_Localização!$F$8:$F$259,MATCH(B17,[1]Relação_Calibrações_Localização!$B$8:$B$259,0))="PERDIDO",INDEX([1]Relação_Calibrações_Localização!F15:F265,MATCH(B17,[1]Relação_Calibrações_Localização!$B$8:$B$259,0))="NÃO LOCALIZADO"),"PERDIDO", IF(OR(Q17="",T17="",W17=""),"INDETERMINADO",IF(MAX(R17,U17,X17)<=5,"APROVADO","REPROVADO"))) -> APROVADO
A18: 37332212 | B18: DLH-0011 | C18: 45855 | D18: 46220 | E18: 605481 | F18: 0.2 | G18: -0.01 | H18: 0.21 | I18: 0.09 | J18: 0.29 | K18: 0.09 | L18: 0.29 | M18: 0.19 | N18: 0.39 | O18: =IF(OR(INDEX([1]Relação_Calibrações_Localização!$F$8:$F$259,MATCH(B18,[1]Relação_Calibrações_Localização!$B$8:$B$259,0))="PERDIDO",INDEX([1]Relação_Calibrações_Localização!F18:F268,MATCH(B18,[1]Relação_Calibrações_Localização!$B$8:$B$259,0))="NÃO LOCALIZADO"),"PERDIDO", IF(OR(G18="",I18="",K18="",M18=""),"INDETERMINADO",IF(MAX(H18,J18,L18,N18)<=0.5,"APROVADO","REPROVADO"))) -> APROVADO | P18: 0.4 | Q18: 2 | R18: 2.4 | S18: 1 | T18: 1.8 | U18: 2.8 | V18: 1.5 | W18: -0.5 | X18: 2 | Y18: =IF(OR(INDEX([1]Relação_Calibrações_Localização!$F$8:$F$259,MATCH(B18,[1]Relação_Calibrações_Localização!$B$8:$B$259,0))="PERDIDO",INDEX([1]Relação_Calibrações_Localização!F18:F268,MATCH(B18,[1]Relação_Calibrações_Localização!$B$8:$B$259,0))="NÃO LOCALIZADO"),"PERDIDO", IF(OR(Q18="",T18="",W18=""),"INDETERMINADO",IF(MAX(R18,U18,X18)<=5,"APROVADO","REPROVADO"))) -> APROVADO
A19: 37332214 | B19: DLH-0012 | C19: 45855 | D19: 46220 | E19: 605529 | F19: 0.2 | G19: 0.09 | H19: 0.29 | I19: 0.09 | J19: 0.29 | K19: -0.01 | L19: 0.21 | M19: -0.21 | N19: 0.41 | O19: =IF(OR(INDEX([1]Relação_Calibrações_Localização!$F$8:$F$259,MATCH(B19,[1]Relação_Calibrações_Localização!$B$8:$B$259,0))="PERDIDO",INDEX([1]Relação_Calibrações_Localização!F19:F269,MATCH(B19,[1]Relação_Calibrações_Localização!$B$8:$B$259,0))="NÃO LOCALIZADO"),"PERDIDO", IF(OR(G19="",I19="",K19="",M19=""),"INDETERMINADO",IF(MAX(H19,J19,L19,N19)<=0.5,"APROVADO","REPROVADO"))) -> APROVADO | P19: 0.4 | Q19: 2.6 | R19: 3 | S19: 1 | T19: 2.3 | U19: 3.3 | V19: 1.5 | W19: 1.2 | X19: 2.7 | Y19: =IF(OR(INDEX([1]Relação_Calibrações_Localização!$F$8:$F$259,MATCH(B19,[1]Relação_Calibrações_Localização!$B$8:$B$259,0))="PERDIDO",INDEX([1]Relação_Calibrações_Localização!F19:F269,MATCH(B19,[1]Relação_Calibrações_Localização!$B$8:$B$259,0))="NÃO LOCALIZADO"),"PERDIDO", IF(OR(Q19="",T19="",W19=""),"INDETERMINADO",IF(MAX(R19,U19,X19)<=5,"APROVADO","REPROVADO"))) -> APROVADO
A20: 37332216 | B20: DLH-0014 | C20: 45855 | D20: 46220 | E20: 605432 | F20: 0.2 | G20: 0.19 | H20: 0.39 | I20: 0.19 | J20: 0.39 | K20: 0.09 | L20: 0.29 | M20: -0.01 | N20: 0.21 | O20: APROVADO | P20: 0.4 | Q20: 3 | R20: 3.4 | S20: 1 | T20: 2.6 | U20: 3.6 | V20: 1.5 | W20: 0.2 | X20: 1.7 | Y20: =IF(OR(INDEX([1]Relação_Calibrações_Localização!$F$8:$F$259,MATCH(B20,[1]Relação_Calibrações_Localização!$B$8:$B$259,0))="PERDIDO",INDEX([1]Relação_Calibrações_Localização!F21:F271,MATCH(B20,[1]Relação_Calibrações_Localização!$B$8:$B$259,0))="NÃO LOCALIZADO"),"PERDIDO", IF(OR(Q20="",T20="",W20=""),"INDETERMINADO",IF(MAX(R20,U20,X20)<=5,"APROVADO","REPROVADO"))) -> APROVADO
A21: 37332217 | B21: DLH-0015 | C21: 45855 | D21: 46220 | E21: 605422 | F21: 0.2 | G21: -0.21 | H21: 0.41 | I21: -0.11 | J21: 0.31 | K21: -0.11 | L21: 0.31 | M21: 0.09 | N21: 0.29 | O21: =IF(OR(INDEX([1]Relação_Calibrações_Localização!$F$8:$F$259,MATCH(B21,[1]Relação_Calibrações_Localização!$B$8:$B$259,0))="PERDIDO",INDEX([1]Relação_Calibrações_Localização!F22:F272,MATCH(B21,[1]Relação_Calibrações_Localização!$B$8:$B$259,0))="NÃO LOCALIZADO"),"PERDIDO", IF(OR(G21="",I21="",K21="",M21=""),"INDETERMINADO",IF(MAX(H21,J21,L21,N21)<=0.5,"APROVADO","REPROVADO"))) -> APROVADO | P21: 0.4 | Q21: 3.9 | R21: 4.3 | S21: 1 | T21: 3.3 | U21: 4.3 | V21: 1.5 | W21: 1.5 | X21: 3 | Y21: =IF(OR(INDEX([1]Relação_Calibrações_Localização!$F$8:$F$259,MATCH(B21,[1]Relação_Calibrações_Localização!$B$8:$B$259,0))="PERDIDO",INDEX([1]Relação_Calibrações_Localização!F22:F272,MATCH(B21,[1]Relação_Calibrações_Localização!$B$8:$B$259,0))="NÃO LOCALIZADO"),"PERDIDO", IF(OR(Q21="",T21="",W21=""),"INDETERMINADO",IF(MAX(R21,U21,X21)<=5,"APROVADO","REPROVADO"))) -> APROVADO
A22: 37332224 | B22: DLH-0017 | C22: 45855 | D22: 46220 | E22: 605499 | F22: 0.2 | G22: 0.09 | H22: 0.29 | I22: 0.09 | J22: 0.29 | K22: 0.09 | L22: 0.29 | M22: 0.19 | N22: 0.39 | O22: =IF(OR(INDEX([1]Relação_Calibrações_Localização!$F$8:$F$259,MATCH(B22,[1]Relação_Calibrações_Localização!$B$8:$B$259,0))="PERDIDO",INDEX([1]Relação_Calibrações_Localização!F24:F274,MATCH(B22,[1]Relação_Calibrações_Localização!$B$8:$B$259,0))="NÃO LOCALIZADO"),"PERDIDO", IF(OR(G22="",I22="",K22="",M22=""),"INDETERMINADO",IF(MAX(H22,J22,L22,N22)<=0.5,"APROVADO","REPROVADO"))) -> APROVADO | P22: 0.4 | Q22: 2.6 | R22: 3 | S22: 1 | T22: 2.5 | U22: 3.5 | V22: 1.5 | W22: 0.9 | X22: 2.4 | Y22: =IF(OR(INDEX([1]Relação_Calibrações_Localização!$F$8:$F$259,MATCH(B22,[1]Relação_Calibrações_Localização!$B$8:$B$259,0))="PERDIDO",INDEX([1]Relação_Calibrações_Localização!F24:F274,MATCH(B22,[1]Relação_Calibrações_Localização!$B$8:$B$259,0))="NÃO LOCALIZADO"),"PERDIDO", IF(OR(Q22="",T22="",W22=""),"INDETERMINADO",IF(MAX(R22,U22,X22)<=5,"APROVADO","REPROVADO"))) -> APROVADO
A23: 37332227 | B23: DLH-0018 | C23: 45855 | D23: 46220 | E23: 605440 | F23: 0.2 | G23: -0.21 | H23: 0.41 | I23: 0.09 | J23: 0.29 | K23: 0.09 | L23: 0.29 | M23: -0.11 | N23: 0.31 | O23: =IF(OR(INDEX([1]Relação_Calibrações_Localização!$F$8:$F$259,MATCH(B23,[1]Relação_Calibrações_Localização!$B$8:$B$259,0))="PERDIDO",INDEX([1]Relação_Calibrações_Localização!F25:F275,MATCH(B23,[1]Relação_Calibrações_Localização!$B$8:$B$259,0))="NÃO LOCALIZADO"),"PERDIDO", IF(OR(G23="",I23="",K23="",M23=""),"INDETERMINADO",IF(MAX(H23,J23,L23,N23)<=0.5,"APROVADO","REPROVADO"))) -> APROVADO | P23: 0.4 | Q23: 3.6 | R23: 4 | S23: 1 | T23: 3.7 | U23: 4.7 | V23: 1.5 | W23: 2.6 | X23: 4.1 | Y23: =IF(OR(INDEX([1]Relação_Calibrações_Localização!$F$8:$F$259,MATCH(B23,[1]Relação_Calibrações_Localização!$B$8:$B$259,0))="PERDIDO",INDEX([1]Relação_Calibrações_Localização!F25:F275,MATCH(B23,[1]Relação_Calibrações_Localização!$B$8:$B$259,0))="NÃO LOCALIZADO"),"PERDIDO", IF(OR(Q23="",T23="",W23=""),"INDETERMINADO",IF(MAX(R23,U23,X23)<=5,"APROVADO","REPROVADO"))) -> APROVADO
A24: 37332230 | B24: DLH-0021 | C24: 45855 | D24: 46220 | E24: 605474 | F24: 0.2 | G24: -0.21 | H24: 0.41 | I24: -0.21 | J24: 0.41 | K24: -0.01 | L24: 0.21 | M24: -0.01 | N24: 0.21 | O24: =IF(OR(INDEX([1]Relação_Calibrações_Localização!$F$8:$F$259,MATCH(B24,[1]Relação_Calibrações_Localização!$B$8:$B$259,0))="PERDIDO",INDEX([1]Relação_Calibrações_Localização!F28:F278,MATCH(B24,[1]Relação_Calibrações_Localização!$B$8:$B$259,0))="NÃO LOCALIZADO"),"PERDIDO", IF(OR(G24="",I24="",K24="",M24=""),"INDETERMINADO",IF(MAX(H24,J24,L24,N24)<=0.5,"APROVADO","REPROVADO"))) -> APROVADO | P24: 0.4 | Q24: 3.8 | R24: 4.2 | S24: 1 | T24: 3.7 | U24: 4.7 | V24: 1.5 | W24: 1.3 | X24: 2.8 | Y24: =IF(OR(INDEX([1]Relação_Calibrações_Localização!$F$8:$F$259,MATCH(B24,[1]Relação_Calibrações_Localização!$B$8:$B$259,0))="PERDIDO",INDEX([1]Relação_Calibrações_Localização!F28:F278,MATCH(B24,[1]Relação_Calibrações_Localização!$B$8:$B$259,0))="NÃO LOCALIZADO"),"PERDIDO", IF(OR(Q24="",T24="",W24=""),"INDETERMINADO",IF(MAX(R24,U24,X24)<=5,"APROVADO","REPROVADO"))) -> APROVADO
A25: 37332232 | B25: DLH-0022 | C25: 45855 | D25: 46220 | E25: 605497 | F25: 0.2 | G25: -0.11 | H25: 0.31 | I25: -0.11 | J25: 0.31 | K25: -0.21 | L25: 0.41 | M25: -0.21 | N25: 0.41 | O25: =IF(OR(INDEX([1]Relação_Calibrações_Localização!$F$8:$F$259,MATCH(B25,[1]Relação_Calibrações_Localização!$B$8:$B$259,0))="PERDIDO",INDEX([1]Relação_Calibrações_Localização!F29:F279,MATCH(B25,[1]Relação_Calibrações_Localização!$B$8:$B$259,0))="NÃO LOCALIZADO"),"PERDIDO", IF(OR(G25="",I25="",K25="",M25=""),"INDETERMINADO",IF(MAX(H25,J25,L25,N25)<=0.5,"APROVADO","REPROVADO"))) -> APROVADO | P25: 0.4 | Q25: 3.7 | R25: 4.1 | S25: 1 | T25: 3.3 | U25: 4.3 | V25: 1.5 | W25: 1.8 | X25: 3.3 | Y25: =IF(OR(INDEX([1]Relação_Calibrações_Localização!$F$8:$F$259,MATCH(B25,[1]Relação_Calibrações_Localização!$B$8:$B$259,0))="PERDIDO",INDEX([1]Relação_Calibrações_Localização!F29:F279,MATCH(B25,[1]Relação_Calibrações_Localização!$B$8:$B$259,0))="NÃO LOCALIZADO"),"PERDIDO", IF(OR(Q25="",T25="",W25=""),"INDETERMINADO",IF(MAX(R25,U25,X25)<=5,"APROVADO","REPROVADO"))) -> APROVADO
A26: 37332240 | B26: DLH-0024 | C26: 45855 | D26: 46220 | E26: 605473 | F26: 0.2 | G26: -0.21 | H26: 0.41 | I26: -0.11 | J26: 0.31 | K26: -0.01 | L26: 0.21 | M26: 0.09 | N26: 0.29 | O26: =IF(OR(INDEX([1]Relação_Calibrações_Localização!$F$8:$F$259,MATCH(B26,[1]Relação_Calibrações_Localização!$B$8:$B$259,0))="PERDIDO",INDEX([1]Relação_Calibrações_Localização!F31:F281,MATCH(B26,[1]Relação_Calibrações_Localização!$B$8:$B$259,0))="NÃO LOCALIZADO"),"PERDIDO", IF(OR(G26="",I26="",K26="",M26=""),"INDETERMINADO",IF(MAX(H26,J26,L26,N26)<=0.5,"APROVADO","REPROVADO"))) -> APROVADO | P26: 0.4 | Q26: 4 | R26: 4.4 | S26: 1 | T26: 3.8 | U26: 4.8 | V26: 1.5 | W26: 2.4 | X26: 3.9 | Y26: =IF(OR(INDEX([1]Relação_Calibrações_Localização!$F$8:$F$259,MATCH(B26,[1]Relação_Calibrações_Localização!$B$8:$B$259,0))="PERDIDO",INDEX([1]Relação_Calibrações_Localização!F31:F281,MATCH(B26,[1]Relação_Calibrações_Localização!$B$8:$B$259,0))="NÃO LOCALIZADO"),"PERDIDO", IF(OR(Q26="",T26="",W26=""),"INDETERMINADO",IF(MAX(R26,U26,X26)<=5,"APROVADO","REPROVADO"))) -> APROVADO
A27: 37332243 | B27: DLH-0026 | C27: 45855 | D27: 46220 | E27: 605511 | F27: 0.2 | G27: -0.11 | H27: 0.31 | I27: -0.01 | J27: 0.21 | K27: 0.09 | L27: 0.29 | M27: 0.19 | N27: 0.39 | O27: =IF(OR(INDEX([1]Relação_Calibrações_Localização!$F$8:$F$259,MATCH(B27,[1]Relação_Calibrações_Localização!$B$8:$B$259,0))="PERDIDO",INDEX([1]Relação_Calibrações_Localização!F33:F283,MATCH(B27,[1]Relação_Calibrações_Localização!$B$8:$B$259,0))="NÃO LOCALIZADO"),"PERDIDO", IF(OR(G27="",I27="",K27="",M27=""),"INDETERMINADO",IF(MAX(H27,J27,L27,N27)<=0.5,"APROVADO","REPROVADO"))) -> APROVADO | P27: 0.4 | Q27: 3.2 | R27: 3.6 | S27: 1 | T27: 2.8 | U27: 3.8 | V27: 1.5 | W27: 2.3 | X27: 3.8 | Y27: =IF(OR(INDEX([1]Relação_Calibrações_Localização!$F$8:$F$259,MATCH(B27,[1]Relação_Calibrações_Localização!$B$8:$B$259,0))="PERDIDO",INDEX([1]Relação_Calibrações_Localização!F33:F283,MATCH(B27,[1]Relação_Calibrações_Localização!$B$8:$B$259,0))="NÃO LOCALIZADO"),"PERDIDO", IF(OR(Q27="",T27="",W27=""),"INDETERMINADO",IF(MAX(R27,U27,X27)<=5,"APROVADO","REPROVADO"))) -> APROVADO
A28: 37332270 | B28: DLH-0027 | C28: 45855 | D28: 46220 | E28: 605456 | F28: 0.2 | G28: -0.01 | H28: 0.21 | I28: -0.01 | J28: 0.21 | K28: 0.09 | L28: 0.29 | M28: 0.19 | N28: 0.39 | O28: =IF(OR(INDEX([1]Relação_Calibrações_Localização!$F$8:$F$259,MATCH(B28,[1]Relação_Calibrações_Localização!$B$8:$B$259,0))="PERDIDO",INDEX([1]Relação_Calibrações_Localização!F34:F284,MATCH(B28,[1]Relação_Calibrações_Localização!$B$8:$B$259,0))="NÃO LOCALIZADO"),"PERDIDO", IF(OR(G28="",I28="",K28="",M28=""),"INDETERMINADO",IF(MAX(H28,J28,L28,N28)<=0.5,"APROVADO","REPROVADO"))) -> APROVADO | P28: 0.4 | Q28: 3.5 | R28: 3.9 | S28: 1 | T28: 3 | U28: 4 | V28: 1.5 | W28: 1.3 | X28: 2.8 | Y28: =IF(OR(INDEX([1]Relação_Calibrações_Localização!$F$8:$F$259,MATCH(B28,[1]Relação_Calibrações_Localização!$B$8:$B$259,0))="PERDIDO",INDEX([1]Relação_Calibrações_Localização!F34:F284,MATCH(B28,[1]Relação_Calibrações_Localização!$B$8:$B$259,0))="NÃO LOCALIZADO"),"PERDIDO", IF(OR(Q28="",T28="",W28=""),"INDETERMINADO",IF(MAX(R28,U28,X28)<=5,"APROVADO","REPROVADO"))) -> APROVADO
A29: 37332283 | B29: DLH-0030 | C29: 45855 | D29: 46220 | E29: 605471 | F29: 0.2 | G29: 0.09 | H29: 0.29 | I29: -0.01 | J29: 0.21 | K29: -0.11 | L29: 0.31 | M29: -0.21 | N29: 0.41 | O29: =IF(OR(INDEX([1]Relação_Calibrações_Localização!$F$8:$F$259,MATCH(B29,[1]Relação_Calibrações_Localização!$B$8:$B$259,0))="PERDIDO",INDEX([1]Relação_Calibrações_Localização!F37:F287,MATCH(B29,[1]Relação_Calibrações_Localização!$B$8:$B$259,0))="NÃO LOCALIZADO"),"PERDIDO", IF(OR(G29="",I29="",K29="",M29=""),"INDETERMINADO",IF(MAX(H29,J29,L29,N29)<=0.5,"APROVADO","REPROVADO"))) -> APROVADO | P29: 0.4 | Q29: 3.2 | R29: 3.6 | S29: 1 | T29: 2.8 | U29: 3.8 | V29: 1.5 | W29: 2 | X29: 3.5 | Y29: =IF(OR(INDEX([1]Relação_Calibrações_Localização!$F$8:$F$259,MATCH(B29,[1]Relação_Calibrações_Localização!$B$8:$B$259,0))="PERDIDO",INDEX([1]Relação_Calibrações_Localização!F37:F287,MATCH(B29,[1]Relação_Calibrações_Localização!$B$8:$B$259,0))="NÃO LOCALIZADO"),"PERDIDO", IF(OR(Q29="",T29="",W29=""),"INDETERMINADO",IF(MAX(R29,U29,X29)<=5,"APROVADO","REPROVADO"))) -> APROVADO
A30: 37332436 | B30: DLH-0032 | C30: 45855 | D30: 46220 | E30: 605460 | F30: 0.2 | G30: 0.09 | H30: 0.29 | I30: 0.09 | J30: 0.29 | K30: -0.11 | L30: 0.31 | M30: -0.21 | N30: 0.41 | O30: APROVADO | P30: 0.4 | Q30: 3.2 | R30: 3.6 | S30: 1 | T30: 2.7 | U30: 3.7 | V30: 1.5 | W30: 0.3 | X30: 1.8 | Y30: =IF(OR(INDEX([1]Relação_Calibrações_Localização!$F$8:$F$259,MATCH(B30,[1]Relação_Calibrações_Localização!$B$8:$B$259,0))="PERDIDO",INDEX([1]Relação_Calibrações_Localização!F39:F289,MATCH(B30,[1]Relação_Calibrações_Localização!$B$8:$B$259,0))="NÃO LOCALIZADO"),"PERDIDO", IF(OR(Q30="",T30="",W30=""),"INDETERMINADO",IF(MAX(R30,U30,X30)<=5,"APROVADO","REPROVADO"))) -> APROVADO
A31: 37332465 | B31: DLH-0035 | C31: 45855 | D31: 46220 | E31: 605510 | F31: 0.2 | G31: 0.09 | H31: 0.29 | I31: -0.11 | J31: 0.31 | K31: -0.11 | L31: 0.31 | M31: -0.21 | N31: 0.41 | O31: =IF(OR(INDEX([1]Relação_Calibrações_Localização!$F$8:$F$259,MATCH(B31,[1]Relação_Calibrações_Localização!$B$8:$B$259,0))="PERDIDO",INDEX([1]Relação_Calibrações_Localização!F42:F292,MATCH(B31,[1]Relação_Calibrações_Localização!$B$8:$B$259,0))="NÃO LOCALIZADO"),"PERDIDO", IF(OR(G31="",I31="",K31="",M31=""),"INDETERMINADO",IF(MAX(H31,J31,L31,N31)<=0.5,"APROVADO","REPROVADO"))) -> APROVADO | P31: 0.4 | Q31: 1.7 | R31: 2.1 | S31: 1 | T31: 0.5 | U31: 1.5 | V31: 1.5 | W31: -0.6 | X31: 2.1 | Y31: =IF(OR(INDEX([1]Relação_Calibrações_Localização!$F$8:$F$259,MATCH(B31,[1]Relação_Calibrações_Localização!$B$8:$B$259,0))="PERDIDO",INDEX([1]Relação_Calibrações_Localização!F42:F292,MATCH(B31,[1]Relação_Calibrações_Localização!$B$8:$B$259,0))="NÃO LOCALIZADO"),"PERDIDO", IF(OR(Q31="",T31="",W31=""),"INDETERMINADO",IF(MAX(R31,U31,X31)<=5,"APROVADO","REPROVADO"))) -> APROVADO
A32: 37332470 | B32: DLH-0037 | C32: 45855 | D32: 46220 | E32: 605425 | F32: 0.2 | G32: -0.21 | H32: 0.41 | I32: -0.11 | J32: 0.31 | K32: -0.11 | L32: 0.31 | M32: 0.09 | N32: 0.29 | O32: =IF(OR(INDEX([1]Relação_Calibrações_Localização!$F$8:$F$259,MATCH(B32,[1]Relação_Calibrações_Localização!$B$8:$B$259,0))="PERDIDO",INDEX([1]Relação_Calibrações_Localização!F44:F294,MATCH(B32,[1]Relação_Calibrações_Localização!$B$8:$B$259,0))="NÃO LOCALIZADO"),"PERDIDO", IF(OR(G32="",I32="",K32="",M32=""),"INDETERMINADO",IF(MAX(H32,J32,L32,N32)<=0.5,"APROVADO","REPROVADO"))) -> APROVADO | P32: 0.4 | Q32: 3.3 | R32: 3.7 | S32: 1 | T32: 2 | U32: 3 | V32: 1.5 | W32: 1.3 | X32: 2.8 | Y32: =IF(OR(INDEX([1]Relação_Calibrações_Localização!$F$8:$F$259,MATCH(B32,[1]Relação_Calibrações_Localização!$B$8:$B$259,0))="PERDIDO",INDEX([1]Relação_Calibrações_Localização!F44:F294,MATCH(B32,[1]Relação_Calibrações_Localização!$B$8:$B$259,0))="NÃO LOCALIZADO"),"PERDIDO", IF(OR(Q32="",T32="",W32=""),"INDETERMINADO",IF(MAX(R32,U32,X32)<=5,"APROVADO","REPROVADO"))) -> APROVADO
A33: 37332476 | B33: DLH-0039 | C33: 45855 | D33: 46220 | E33: 605550 | F33: 0.2 | G33: -0.21 | H33: 0.41 | I33: -0.01 | J33: 0.21 | K33: -0.01 | L33: 0.21 | M33: 0.09 | N33: 0.29 | O33: =IF(OR(INDEX([1]Relação_Calibrações_Localização!$F$8:$F$259,MATCH(B33,[1]Relação_Calibrações_Localização!$B$8:$B$259,0))="PERDIDO",INDEX([1]Relação_Calibrações_Localização!F46:F296,MATCH(B33,[1]Relação_Calibrações_Localização!$B$8:$B$259,0))="NÃO LOCALIZADO"),"PERDIDO", IF(OR(G33="",I33="",K33="",M33=""),"INDETERMINADO",IF(MAX(H33,J33,L33,N33)<=0.5,"APROVADO","REPROVADO"))) -> APROVADO | P33: 0.4 | Q33: 2.2 | R33: 2.6 | S33: 1 | T33: 0 | U33: 1 | V33: 1.5 | W33: -0.3 | X33: 1.8 | Y33: =IF(OR(INDEX([1]Relação_Calibrações_Localização!$F$8:$F$259,MATCH(B33,[1]Relação_Calibrações_Localização!$B$8:$B$259,0))="PERDIDO",INDEX([1]Relação_Calibrações_Localização!F46:F296,MATCH(B33,[1]Relação_Calibrações_Localização!$B$8:$B$259,0))="NÃO LOCALIZADO"),"PERDIDO", IF(OR(Q33="",T33="",W33=""),"INDETERMINADO",IF(MAX(R33,U33,X33)<=5,"APROVADO","REPROVADO"))) -> APROVADO
A34: 37332477 | B34: DLH-0040 | C34: 45855 | D34: 46220 | E34: 605493 | F34: 0.2 | G34: -0.11 | H34: 0.31 | I34: -0.11 | J34: 0.31 | K34: -0.01 | L34: 0.21 | M34: 0.19 | N34: 0.39 | O34: =IF(OR(INDEX([1]Relação_Calibrações_Localização!$F$8:$F$259,MATCH(B34,[1]Relação_Calibrações_Localização!$B$8:$B$259,0))="PERDIDO",INDEX([1]Relação_Calibrações_Localização!F47:F297,MATCH(B34,[1]Relação_Calibrações_Localização!$B$8:$B$259,0))="NÃO LOCALIZADO"),"PERDIDO", IF(OR(G34="",I34="",K34="",M34=""),"INDETERMINADO",IF(MAX(H34,J34,L34,N34)<=0.5,"APROVADO","REPROVADO"))) -> APROVADO | P34: 0.4 | Q34: 3.7 | R34: 4.1 | S34: 1 | T34: 3.6 | U34: 4.6 | V34: 1.5 | W34: 3.3 | X34: 4.8 | Y34: =IF(OR(INDEX([1]Relação_Calibrações_Localização!$F$8:$F$259,MATCH(B34,[1]Relação_Calibrações_Localização!$B$8:$B$259,0))="PERDIDO",INDEX([1]Relação_Calibrações_Localização!F47:F297,MATCH(B34,[1]Relação_Calibrações_Localização!$B$8:$B$259,0))="NÃO LOCALIZADO"),"PERDIDO", IF(OR(Q34="",T34="",W34=""),"INDETERMINADO",IF(MAX(R34,U34,X34)<=5,"APROVADO","REPROVADO"))) -> APROVADO
A35: 37332478 | B35: DLH-0041 | C35: 45855 | D35: 46220 | E35: 605435 | F35: 0.2 | G35: -0.11 | H35: 0.31 | I35: -0.01 | J35: 0.21 | K35: 0.09 | L35: 0.29 | M35: 0.19 | N35: 0.39 | O35: =IF(OR(INDEX([1]Relação_Calibrações_Localização!$F$8:$F$259,MATCH(B35,[1]Relação_Calibrações_Localização!$B$8:$B$259,0))="PERDIDO",INDEX([1]Relação_Calibrações_Localização!F48:F298,MATCH(B35,[1]Relação_Calibrações_Localização!$B$8:$B$259,0))="NÃO LOCALIZADO"),"PERDIDO", IF(OR(G35="",I35="",K35="",M35=""),"INDETERMINADO",IF(MAX(H35,J35,L35,N35)<=0.5,"APROVADO","REPROVADO"))) -> APROVADO | P35: 0.4 | Q35: 3.4 | R35: 3.8 | S35: 1 | T35: 3.3 | U35: 4.3 | V35: 1.5 | W35: 1.5 | X35: 3 | Y35: =IF(OR(INDEX([1]Relação_Calibrações_Localização!$F$8:$F$259,MATCH(B35,[1]Relação_Calibrações_Localização!$B$8:$B$259,0))="PERDIDO",INDEX([1]Relação_Calibrações_Localização!F48:F298,MATCH(B35,[1]Relação_Calibrações_Localização!$B$8:$B$259,0))="NÃO LOCALIZADO"),"PERDIDO", IF(OR(Q35="",T35="",W35=""),"INDETERMINADO",IF(MAX(R35,U35,X35)<=5,"APROVADO","REPROVADO"))) -> APROVADO
A36: 37332492 | B36: DLH-0044 | C36: 45855 | D36: 46220 | E36: 605429 | F36: 0.2 | G36: -0.11 | H36: 0.31 | I36: -0.01 | J36: 0.21 | K36: 0.09 | L36: 0.29 | M36: 0.09 | N36: 0.29 | O36: =IF(OR(INDEX([1]Relação_Calibrações_Localização!$F$8:$F$259,MATCH(B36,[1]Relação_Calibrações_Localização!$B$8:$B$259,0))="PERDIDO",INDEX([1]Relação_Calibrações_Localização!F51:F301,MATCH(B36,[1]Relação_Calibrações_Localização!$B$8:$B$259,0))="NÃO LOCALIZADO"),"PERDIDO", IF(OR(G36="",I36="",K36="",M36=""),"INDETERMINADO",IF(MAX(H36,J36,L36,N36)<=0.5,"APROVADO","REPROVADO"))) -> APROVADO | P36: 0.4 | Q36: 3.8 | R36: 4.2 | S36: 1 | T36: 3.6 | U36: 4.6 | V36: 1.5 | W36: 3.4 | X36: 4.9 | Y36: =IF(OR(INDEX([1]Relação_Calibrações_Localização!$F$8:$F$259,MATCH(B36,[1]Relação_Calibrações_Localização!$B$8:$B$259,0))="PERDIDO",INDEX([1]Relação_Calibrações_Localização!F51:F301,MATCH(B36,[1]Relação_Calibrações_Localização!$B$8:$B$259,0))="NÃO LOCALIZADO"),"PERDIDO", IF(OR(Q36="",T36="",W36=""),"INDETERMINADO",IF(MAX(R36,U36,X36)<=5,"APROVADO","REPROVADO"))) -> APROVADO
A37: 37332723 | B37: DLH-0045 | C37: 45855 | D37: 46220 | E37: 605547 | F37: 0.2 | G37: -0.21 | H37: 0.41 | I37: -0.11 | J37: 0.31 | K37: -0.11 | L37: 0.31 | M37: -0.01 | N37: 0.21 | O37: =IF(OR(INDEX([1]Relação_Calibrações_Localização!$F$8:$F$259,MATCH(B37,[1]Relação_Calibrações_Localização!$B$8:$B$259,0))="PERDIDO",INDEX([1]Relação_Calibrações_Localização!F52:F302,MATCH(B37,[1]Relação_Calibrações_Localização!$B$8:$B$259,0))="NÃO LOCALIZADO"),"PERDIDO", IF(OR(G37="",I37="",K37="",M37=""),"INDETERMINADO",IF(MAX(H37,J37,L37,N37)<=0.5,"APROVADO","REPROVADO"))) -> APROVADO | P37: 0.4 | Q37: 2.8 | R37: 3.2 | S37: 1 | T37: 2.1 | U37: 3.1 | V37: 1.5 | W37: 2.1 | X37: 3.6 | Y37: =IF(OR(INDEX([1]Relação_Calibrações_Localização!$F$8:$F$259,MATCH(B37,[1]Relação_Calibrações_Localização!$B$8:$B$259,0))="PERDIDO",INDEX([1]Relação_Calibrações_Localização!F52:F302,MATCH(B37,[1]Relação_Calibrações_Localização!$B$8:$B$259,0))="NÃO LOCALIZADO"),"PERDIDO", IF(OR(Q37="",T37="",W37=""),"INDETERMINADO",IF(MAX(R37,U37,X37)<=5,"APROVADO","REPROVADO"))) -> APROVADO
A38: 37333128 | B38: DLH-0047 | C38: 45855 | D38: 46220 | E38: 605466 | F38: 0.2 | G38: -0.21 | H38: 0.41 | I38: -0.11 | J38: 0.31 | K38: 0.09 | L38: 0.29 | M38: 0.09 | N38: 0.29 | O38: =IF(OR(INDEX([1]Relação_Calibrações_Localização!$F$8:$F$259,MATCH(B38,[1]Relação_Calibrações_Localização!$B$8:$B$259,0))="PERDIDO",INDEX([1]Relação_Calibrações_Localização!F54:F304,MATCH(B38,[1]Relação_Calibrações_Localização!$B$8:$B$259,0))="NÃO LOCALIZADO"),"PERDIDO", IF(OR(G38="",I38="",K38="",M38=""),"INDETERMINADO",IF(MAX(H38,J38,L38,N38)<=0.5,"APROVADO","REPROVADO"))) -> APROVADO | P38: 0.4 | Q38: 3.6 | R38: 4 | S38: 1 | T38: 3.6 | U38: 4.6 | V38: 1.5 | W38: 1.4 | X38: 2.9 | Y38: =IF(OR(INDEX([1]Relação_Calibrações_Localização!$F$8:$F$259,MATCH(B38,[1]Relação_Calibrações_Localização!$B$8:$B$259,0))="PERDIDO",INDEX([1]Relação_Calibrações_Localização!F54:F304,MATCH(B38,[1]Relação_Calibrações_Localização!$B$8:$B$259,0))="NÃO LOCALIZADO"),"PERDIDO", IF(OR(Q38="",T38="",W38=""),"INDETERMINADO",IF(MAX(R38,U38,X38)<=5,"APROVADO","REPROVADO"))) -> APROVADO
A39: 37333129 | B39: DLH-0048 | C39: 45855 | D39: 46220 | E39: 605556 | F39: 0.2 | G39: 0.29 | H39: 0.49 | I39: 0.19 | J39: 0.39 | K39: 0.19 | L39: 0.39 | M39: 0.09 | N39: 0.29 | O39: =IF(OR(INDEX([1]Relação_Calibrações_Localização!$F$8:$F$259,MATCH(B39,[1]Relação_Calibrações_Localização!$B$8:$B$259,0))="PERDIDO",INDEX([1]Relação_Calibrações_Localização!F55:F305,MATCH(B39,[1]Relação_Calibrações_Localização!$B$8:$B$259,0))="NÃO LOCALIZADO"),"PERDIDO", IF(OR(G39="",I39="",K39="",M39=""),"INDETERMINADO",IF(MAX(H39,J39,L39,N39)<=0.5,"APROVADO","REPROVADO"))) -> APROVADO | P39: 0.4 | Q39: 3.1 | R39: 3.5 | S39: 1 | T39: 2.3 | U39: 3.3 | V39: 1.5 | W39: 1.5 | X39: 3 | Y39: =IF(OR(INDEX([1]Relação_Calibrações_Localização!$F$8:$F$259,MATCH(B39,[1]Relação_Calibrações_Localização!$B$8:$B$259,0))="PERDIDO",INDEX([1]Relação_Calibrações_Localização!F55:F305,MATCH(B39,[1]Relação_Calibrações_Localização!$B$8:$B$259,0))="NÃO LOCALIZADO"),"PERDIDO", IF(OR(Q39="",T39="",W39=""),"INDETERMINADO",IF(MAX(R39,U39,X39)<=5,"APROVADO","REPROVADO"))) -> APROVADO
A40: 37333131 | B40: DLH-0049 | C40: 45855 | D40: 46220 | E40: 605518 | F40: 0.2 | G40: 0.29 | H40: 0.49 | I40: 0.19 | J40: 0.39 | K40: 0.19 | L40: 0.39 | M40: -0.01 | N40: 0.21 | O40: =IF(OR(INDEX([1]Relação_Calibrações_Localização!$F$8:$F$259,MATCH(B40,[1]Relação_Calibrações_Localização!$B$8:$B$259,0))="PERDIDO",INDEX([1]Relação_Calibrações_Localização!F56:F306,MATCH(B40,[1]Relação_Calibrações_Localização!$B$8:$B$259,0))="NÃO LOCALIZADO"),"PERDIDO", IF(OR(G40="",I40="",K40="",M40=""),"INDETERMINADO",IF(MAX(H40,J40,L40,N40)<=0.5,"APROVADO","REPROVADO"))) -> APROVADO | P40: 0.4 | Q40: 2.8 | R40: 3.2 | S40: 1 | T40: -0.6 | U40: 1.6 | V40: 1.5 | W40: 1.7 | X40: 3.2 | Y40: =IF(OR(INDEX([1]Relação_Calibrações_Localização!$F$8:$F$259,MATCH(B40,[1]Relação_Calibrações_Localização!$B$8:$B$259,0))="PERDIDO",INDEX([1]Relação_Calibrações_Localização!F56:F306,MATCH(B40,[1]Relação_Calibrações_Localização!$B$8:$B$259,0))="NÃO LOCALIZADO"),"PERDIDO", IF(OR(Q40="",T40="",W40=""),"INDETERMINADO",IF(MAX(R40,U40,X40)<=5,"APROVADO","REPROVADO"))) -> APROVADO
A41: 37333137 | B41: DLH-0050 | C41: 45855 | D41: 46220 | E41: 605523 | F41: 0.2 | G41: 0.09 | H41: 0.29 | I41: -0.01 | J41: 0.21 | K41: -0.01 | L41: 0.21 | M41: 0.19 | N41: 0.39 | O41: =IF(OR(INDEX([1]Relação_Calibrações_Localização!$F$8:$F$259,MATCH(B41,[1]Relação_Calibrações_Localização!$B$8:$B$259,0))="PERDIDO",INDEX([1]Relação_Calibrações_Localização!F57:F307,MATCH(B41,[1]Relação_Calibrações_Localização!$B$8:$B$259,0))="NÃO LOCALIZADO"),"PERDIDO", IF(OR(G41="",I41="",K41="",M41=""),"INDETERMINADO",IF(MAX(H41,J41,L41,N41)<=0.5,"APROVADO","REPROVADO"))) -> APROVADO | P41: 0.4 | Q41: 2.9 | R41: 3.3 | S41: 1 | T41: 3 | U41: 4 | V41: 1.5 | W41: 1.7 | X41: 3.2 | Y41: =IF(OR(INDEX([1]Relação_Calibrações_Localização!$F$8:$F$259,MATCH(B41,[1]Relação_Calibrações_Localização!$B$8:$B$259,0))="PERDIDO",INDEX([1]Relação_Calibrações_Localização!F57:F307,MATCH(B41,[1]Relação_Calibrações_Localização!$B$8:$B$259,0))="NÃO LOCALIZADO"),"PERDIDO", IF(OR(Q41="",T41="",W41=""),"INDETERMINADO",IF(MAX(R41,U41,X41)<=5,"APROVADO","REPROVADO"))) -> APROVADO
A42: 37333139 | B42: DLH-0051 | C42: 45855 | D42: 46220 | E42: 605446 | F42: 0.2 | G42: -0.01 | H42: 0.21 | I42: 0.09 | J42: 0.29 | K42: 0.19 | L42: 0.39 | M42: 0.19 | N42: 0.39 | O42: =IF(OR(INDEX([1]Relação_Calibrações_Localização!$F$8:$F$259,MATCH(B42,[1]Relação_Calibrações_Localização!$B$8:$B$259,0))="PERDIDO",INDEX([1]Relação_Calibrações_Localização!F58:F308,MATCH(B42,[1]Relação_Calibrações_Localização!$B$8:$B$259,0))="NÃO LOCALIZADO"),"PERDIDO", IF(OR(G42="",I42="",K42="",M42=""),"INDETERMINADO",IF(MAX(H42,J42,L42,N42)<=0.5,"APROVADO","REPROVADO"))) -> APROVADO | P42: 0.4 | Q42: 2.6 | R42: 3 | S42: 1 | T42: 2.3 | U42: 3.3 | V42: 1.5 | W42: 1.5 | X42: 3 | Y42: =IF(OR(INDEX([1]Relação_Calibrações_Localização!$F$8:$F$259,MATCH(B42,[1]Relação_Calibrações_Localização!$B$8:$B$259,0))="PERDIDO",INDEX([1]Relação_Calibrações_Localização!F58:F308,MATCH(B42,[1]Relação_Calibrações_Localização!$B$8:$B$259,0))="NÃO LOCALIZADO"),"PERDIDO", IF(OR(Q42="",T42="",W42=""),"INDETERMINADO",IF(MAX(R42,U42,X42)<=5,"APROVADO","REPROVADO"))) -> APROVADO
A43: 37333141 | B43: DLH-0052 | C43: 45855 | D43: 46220 | E43: 605475 | F43: 0.2 | G43: -0.01 | H43: 0.21 | I43: 0.09 | J43: 0.29 | K43: 0.09 | L43: 0.29 | M43: 0.09 | N43: 0.29 | O43: =IF(OR(INDEX([1]Relação_Calibrações_Localização!$F$8:$F$259,MATCH(B43,[1]Relação_Calibrações_Localização!$B$8:$B$259,0))="PERDIDO",INDEX([1]Relação_Calibrações_Localização!F59:F309,MATCH(B43,[1]Relação_Calibrações_Localização!$B$8:$B$259,0))="NÃO LOCALIZADO"),"PERDIDO", IF(OR(G43="",I43="",K43="",M43=""),"INDETERMINADO",IF(MAX(H43,J43,L43,N43)<=0.5,"APROVADO","REPROVADO"))) -> APROVADO | P43: 0.4 | Q43: 3 | R43: 3.4 | S43: 1 | T43: 2.6 | U43: 3.6 | V43: 1.5 | W43: 2.2 | X43: 3.7 | Y43: =IF(OR(INDEX([1]Relação_Calibrações_Localização!$F$8:$F$259,MATCH(B43,[1]Relação_Calibrações_Localização!$B$8:$B$259,0))="PERDIDO",INDEX([1]Relação_Calibrações_Localização!F59:F309,MATCH(B43,[1]Relação_Calibrações_Localização!$B$8:$B$259,0))="NÃO LOCALIZADO"),"PERDIDO", IF(OR(Q43="",T43="",W43=""),"INDETERMINADO",IF(MAX(R43,U43,X43)<=5,"APROVADO","REPROVADO"))) -> APROVADO
A44: 37333143 | B44: DLH-0053 | C44: 45855 | D44: 46220 | E44: 605501 | F44: 0.2 | G44: -0.01 | H44: 0.21 | I44: 0.09 | J44: 0.29 | K44: 0.09 | L44: 0.29 | M44: 0.19 | N44: 0.39 | O44: =IF(OR(INDEX([1]Relação_Calibrações_Localização!$F$8:$F$259,MATCH(B44,[1]Relação_Calibrações_Localização!$B$8:$B$259,0))="PERDIDO",INDEX([1]Relação_Calibrações_Localização!F60:F310,MATCH(B44,[1]Relação_Calibrações_Localização!$B$8:$B$259,0))="NÃO LOCALIZADO"),"PERDIDO", IF(OR(G44="",I44="",K44="",M44=""),"INDETERMINADO",IF(MAX(H44,J44,L44,N44)<=0.5,"APROVADO","REPROVADO"))) -> APROVADO | P44: 0.4 | Q44: 3.1 | R44: 3.5 | S44: 1 | T44: 2.5 | U44: 3.5 | V44: 1.5 | W44: 2.2 | X44: 3.7 | Y44: =IF(OR(INDEX([1]Relação_Calibrações_Localização!$F$8:$F$259,MATCH(B44,[1]Relação_Calibrações_Localização!$B$8:$B$259,0))="PERDIDO",INDEX([1]Relação_Calibrações_Localização!F60:F310,MATCH(B44,[1]Relação_Calibrações_Localização!$B$8:$B$259,0))="NÃO LOCALIZADO"),"PERDIDO", IF(OR(Q44="",T44="",W44=""),"INDETERMINADO",IF(MAX(R44,U44,X44)<=5,"APROVADO","REPROVADO"))) -> APROVADO
A45: 37333149 | B45: DLH-0054 | C45: 45855 | D45: 46220 | E45: 605533 | F45: 0.2 | G45: 0.19 | H45: 0.39 | I45: 0.19 | J45: 0.39 | K45: 0.09 | L45: 0.29 | M45: -0.01 | N45: 0.21 | O45: =IF(OR(INDEX([1]Relação_Calibrações_Localização!$F$8:$F$259,MATCH(B45,[1]Relação_Calibrações_Localização!$B$8:$B$259,0))="PERDIDO",INDEX([1]Relação_Calibrações_Localização!F61:F311,MATCH(B45,[1]Relação_Calibrações_Localização!$B$8:$B$259,0))="NÃO LOCALIZADO"),"PERDIDO", IF(OR(G45="",I45="",K45="",M45=""),"INDETERMINADO",IF(MAX(H45,J45,L45,N45)<=0.5,"APROVADO","REPROVADO"))) -> APROVADO | P45: 0.4 | Q45: 3.6 | R45: 4 | S45: 1 | T45: 3.3 | U45: 4.3 | V45: 1.5 | W45: 2 | X45: 3.5 | Y45: =IF(OR(INDEX([1]Relação_Calibrações_Localização!$F$8:$F$259,MATCH(B45,[1]Relação_Calibrações_Localização!$B$8:$B$259,0))="PERDIDO",INDEX([1]Relação_Calibrações_Localização!F61:F311,MATCH(B45,[1]Relação_Calibrações_Localização!$B$8:$B$259,0))="NÃO LOCALIZADO"),"PERDIDO", IF(OR(Q45="",T45="",W45=""),"INDETERMINADO",IF(MAX(R45,U45,X45)<=5,"APROVADO","REPROVADO"))) -> APROVADO
A46: 37333150 | B46: DLH-0055 | C46: 45855 | D46: 46220 | E46: 605521 | F46: 0.2 | G46: 0.09 | H46: 0.29 | I46: 0.09 | J46: 0.29 | K46: -0.11 | L46: 0.31 | M46: -0.21 | N46: 0.41 | O46: =IF(OR(INDEX([1]Relação_Calibrações_Localização!$F$8:$F$259,MATCH(B46,[1]Relação_Calibrações_Localização!$B$8:$B$259,0))="PERDIDO",INDEX([1]Relação_Calibrações_Localização!F62:F312,MATCH(B46,[1]Relação_Calibrações_Localização!$B$8:$B$259,0))="NÃO LOCALIZADO"),"PERDIDO", IF(OR(G46="",I46="",K46="",M46=""),"INDETERMINADO",IF(MAX(H46,J46,L46,N46)<=0.5,"APROVADO","REPROVADO"))) -> APROVADO | P46: 0.4 | Q46: 3.2 | R46: 3.6 | S46: 1 | T46: 1.2 | U46: 2.2 | V46: 1.5 | W46: 1.3 | X46: 2.8 | Y46: =IF(OR(INDEX([1]Relação_Calibrações_Localização!$F$8:$F$259,MATCH(B46,[1]Relação_Calibrações_Localização!$B$8:$B$259,0))="PERDIDO",INDEX([1]Relação_Calibrações_Localização!F62:F312,MATCH(B46,[1]Relação_Calibrações_Localização!$B$8:$B$259,0))="NÃO LOCALIZADO"),"PERDIDO", IF(OR(Q46="",T46="",W46=""),"INDETERMINADO",IF(MAX(R46,U46,X46)<=5,"APROVADO","REPROVADO"))) -> APROVADO
A47: 37333153 | B47: DLH-0056 | C47: 45855 | D47: 46220 | E47: 605488 | F47: 0.2 | G47: -0.21 | H47: 0.41 | I47: -0.11 | J47: 0.31 | K47: -0.01 | L47: 0.21 | M47: -0.01 | N47: 0.21 | O47: =IF(OR(INDEX([1]Relação_Calibrações_Localização!$F$8:$F$259,MATCH(B47,[1]Relação_Calibrações_Localização!$B$8:$B$259,0))="PERDIDO",INDEX([1]Relação_Calibrações_Localização!F63:F313,MATCH(B47,[1]Relação_Calibrações_Localização!$B$8:$B$259,0))="NÃO LOCALIZADO"),"PERDIDO", IF(OR(G47="",I47="",K47="",M47=""),"INDETERMINADO",IF(MAX(H47,J47,L47,N47)<=0.5,"APROVADO","REPROVADO"))) -> APROVADO | P47: 0.4 | Q47: 2.8 | R47: 3.2 | S47: 1 | T47: 0.3 | U47: 1.3 | V47: 1.5 | W47: 1.7 | X47: 3.2 | Y47: =IF(OR(INDEX([1]Relação_Calibrações_Localização!$F$8:$F$259,MATCH(B47,[1]Relação_Calibrações_Localização!$B$8:$B$259,0))="PERDIDO",INDEX([1]Relação_Calibrações_Localização!F63:F313,MATCH(B47,[1]Relação_Calibrações_Localização!$B$8:$B$259,0))="NÃO LOCALIZADO"),"PERDIDO", IF(OR(Q47="",T47="",W47=""),"INDETERMINADO",IF(MAX(R47,U47,X47)<=5,"APROVADO","REPROVADO"))) -> APROVADO
A48: 37333155 | B48: DLH-0057 | C48: 45855 | D48: 46220 | E48: 605504 | F48: 0.2 | G48: -0.11 | H48: 0.31 | I48: -0.11 | J48: 0.31 | K48: -0.01 | L48: 0.21 | M48: 0.09 | N48: 0.29 | O48: =IF(OR(INDEX([1]Relação_Calibrações_Localização!$F$8:$F$259,MATCH(B48,[1]Relação_Calibrações_Localização!$B$8:$B$259,0))="PERDIDO",INDEX([1]Relação_Calibrações_Localização!F64:F314,MATCH(B48,[1]Relação_Calibrações_Localização!$B$8:$B$259,0))="NÃO LOCALIZADO"),"PERDIDO", IF(OR(G48="",I48="",K48="",M48=""),"INDETERMINADO",IF(MAX(H48,J48,L48,N48)<=0.5,"APROVADO","REPROVADO"))) -> APROVADO | P48: 0.4 | Q48: 3.6 | R48: 4 | S48: 1 | T48: 3.2 | U48: 4.2 | V48: 1.5 | W48: 1.6 | X48: 3.1 | Y48: =IF(OR(INDEX([1]Relação_Calibrações_Localização!$F$8:$F$259,MATCH(B48,[1]Relação_Calibrações_Localização!$B$8:$B$259,0))="PERDIDO",INDEX([1]Relação_Calibrações_Localização!F64:F314,MATCH(B48,[1]Relação_Calibrações_Localização!$B$8:$B$259,0))="NÃO LOCALIZADO"),"PERDIDO", IF(OR(Q48="",T48="",W48=""),"INDETERMINADO",IF(MAX(R48,U48,X48)<=5,"APROVADO","REPROVADO"))) -> APROVADO
A49: 37333162 | B49: DLH-0059 | C49: 45855 | D49: 46220 | E49: 605558 | F49: 0.2 | G49: 0.19 | H49: 0.39 | I49: 0.09 | J49: 0.29 | K49: 0.09 | L49: 0.29 | M49: -0.01 | N49: 0.21 | O49: =IF(OR(INDEX([1]Relação_Calibrações_Localização!$F$8:$F$259,MATCH(B49,[1]Relação_Calibrações_Localização!$B$8:$B$259,0))="PERDIDO",INDEX([1]Relação_Calibrações_Localização!F66:F316,MATCH(B49,[1]Relação_Calibrações_Localização!$B$8:$B$259,0))="NÃO LOCALIZADO"),"PERDIDO", IF(OR(G49="",I49="",K49="",M49=""),"INDETERMINADO",IF(MAX(H49,J49,L49,N49)<=0.5,"APROVADO","REPROVADO"))) -> APROVADO | P49: 0.4 | Q49: 3.6 | R49: 4 | S49: 1 | T49: 1.6 | U49: 2.6 | V49: 1.5 | W49: 2.2 | X49: 3.7 | Y49: =IF(OR(INDEX([1]Relação_Calibrações_Localização!$F$8:$F$259,MATCH(B49,[1]Relação_Calibrações_Localização!$B$8:$B$259,0))="PERDIDO",INDEX([1]Relação_Calibrações_Localização!F66:F316,MATCH(B49,[1]Relação_Calibrações_Localização!$B$8:$B$259,0))="NÃO LOCALIZADO"),"PERDIDO", IF(OR(Q49="",T49="",W49=""),"INDETERMINADO",IF(MAX(R49,U49,X49)<=5,"APROVADO","REPROVADO"))) -> APROVADO
A50: 37333196 | B50: DLH-0060 | C50: 45855 | D50: 46220 | E50: 605436 | F50: 0.2 | G50: -0.11 | H50: 0.31 | I50: -0.01 | J50: 0.21 | K50: 0.09 | L50: 0.29 | M50: 0.19 | N50: 0.39 | O50: =IF(OR(INDEX([1]Relação_Calibrações_Localização!$F$8:$F$259,MATCH(B50,[1]Relação_Calibrações_Localização!$B$8:$B$259,0))="PERDIDO",INDEX([1]Relação_Calibrações_Localização!F67:F317,MATCH(B50,[1]Relação_Calibrações_Localização!$B$8:$B$259,0))="NÃO LOCALIZADO"),"PERDIDO", IF(OR(G50="",I50="",K50="",M50=""),"INDETERMINADO",IF(MAX(H50,J50,L50,N50)<=0.5,"APROVADO","REPROVADO"))) -> APROVADO | P50: 0.4 | Q50: 3.4 | R50: 3.8 | S50: 1 | T50: 3.7 | U50: 4.7 | V50: 1.5 | W50: -1.2 | X50: 2.7 | Y50: =IF(OR(INDEX([1]Relação_Calibrações_Localização!$F$8:$F$259,MATCH(B50,[1]Relação_Calibrações_Localização!$B$8:$B$259,0))="PERDIDO",INDEX([1]Relação_Calibrações_Localização!F67:F317,MATCH(B50,[1]Relação_Calibrações_Localização!$B$8:$B$259,0))="NÃO LOCALIZADO"),"PERDIDO", IF(OR(Q50="",T50="",W50=""),"INDETERMINADO",IF(MAX(R50,U50,X50)<=5,"APROVADO","REPROVADO"))) -> APROVADO
A51: 37333227 | B51: DLH-0062 | C51: 45855 | D51: 46220 | E51: 605485 | F51: 0.2 | G51: 0.09 | H51: 0.29 | I51: 0.09 | J51: 0.29 | K51: -0.01 | L51: 0.21 | M51: -0.11 | N51: 0.31 | O51: =IF(OR(INDEX([1]Relação_Calibrações_Localização!$F$8:$F$259,MATCH(B51,[1]Relação_Calibrações_Localização!$B$8:$B$259,0))="PERDIDO",INDEX([1]Relação_Calibrações_Localização!F69:F319,MATCH(B51,[1]Relação_Calibrações_Localização!$B$8:$B$259,0))="NÃO LOCALIZADO"),"PERDIDO", IF(OR(G51="",I51="",K51="",M51=""),"INDETERMINADO",IF(MAX(H51,J51,L51,N51)<=0.5,"APROVADO","REPROVADO"))) -> APROVADO | P51: 0.4 | Q51: 3.5 | R51: 3.9 | S51: 1 | T51: 3.8 | U51: 4.8 | V51: 1.5 | W51: 2.7 | X51: 4.2 | Y51: =IF(OR(INDEX([1]Relação_Calibrações_Localização!$F$8:$F$259,MATCH(B51,[1]Relação_Calibrações_Localização!$B$8:$B$259,0))="PERDIDO",INDEX([1]Relação_Calibrações_Localização!F69:F319,MATCH(B51,[1]Relação_Calibrações_Localização!$B$8:$B$259,0))="NÃO LOCALIZADO"),"PERDIDO", IF(OR(Q51="",T51="",W51=""),"INDETERMINADO",IF(MAX(R51,U51,X51)<=5,"APROVADO","REPROVADO"))) -> APROVADO
A52: 37333312 | B52: DLH-0065 | C52: 45855 | D52: 46220 | E52: 605428 | F52: 0.2 | G52: -0.21 | H52: 0.41 | I52: -0.11 | J52: 0.31 | K52: -0.11 | L52: 0.31 | M52: -0.01 | N52: 0.21 | O52: =IF(OR(INDEX([1]Relação_Calibrações_Localização!$F$8:$F$259,MATCH(B52,[1]Relação_Calibrações_Localização!$B$8:$B$259,0))="PERDIDO",INDEX([1]Relação_Calibrações_Localização!F72:F322,MATCH(B52,[1]Relação_Calibrações_Localização!$B$8:$B$259,0))="NÃO LOCALIZADO"),"PERDIDO", IF(OR(G52="",I52="",K52="",M52=""),"INDETERMINADO",IF(MAX(H52,J52,L52,N52)<=0.5,"APROVADO","REPROVADO"))) -> APROVADO | P52: 0.4 | Q52: 3.7 | R52: 4.1 | S52: 1 | T52: 3.8 | U52: 4.8 | V52: 1.5 | W52: 2.6 | X52: 4.1 | Y52: =IF(OR(INDEX([1]Relação_Calibrações_Localização!$F$8:$F$259,MATCH(B52,[1]Relação_Calibrações_Localização!$B$8:$B$259,0))="PERDIDO",INDEX([1]Relação_Calibrações_Localização!F72:F322,MATCH(B52,[1]Relação_Calibrações_Localização!$B$8:$B$259,0))="NÃO LOCALIZADO"),"PERDIDO", IF(OR(Q52="",T52="",W52=""),"INDETERMINADO",IF(MAX(R52,U52,X52)<=5,"APROVADO","REPROVADO"))) -> APROVADO
A53: 37333715 | B53: DLH-0066 | C53: 45855 | D53: 46220 | E53: 605536 | F53: 0.2 | G53: -0.21 | H53: 0.41 | I53: -0.11 | J53: 0.31 | K53: -0.11 | L53: 0.31 | M53: -0.01 | N53: 0.21 | O53: =IF(OR(INDEX([1]Relação_Calibrações_Localização!$F$8:$F$259,MATCH(B53,[1]Relação_Calibrações_Localização!$B$8:$B$259,0))="PERDIDO",INDEX([1]Relação_Calibrações_Localização!F73:F323,MATCH(B53,[1]Relação_Calibrações_Localização!$B$8:$B$259,0))="NÃO LOCALIZADO"),"PERDIDO", IF(OR(G53="",I53="",K53="",M53=""),"INDETERMINADO",IF(MAX(H53,J53,L53,N53)<=0.5,"APROVADO","REPROVADO"))) -> APROVADO | P53: 0.4 | Q53: 2.6 | R53: 3 | S53: 1 | T53: 1.1 | U53: 2.1 | V53: 1.5 | W53: 1.8 | X53: 3.3 | Y53: =IF(OR(INDEX([1]Relação_Calibrações_Localização!$F$8:$F$259,MATCH(B53,[1]Relação_Calibrações_Localização!$B$8:$B$259,0))="PERDIDO",INDEX([1]Relação_Calibrações_Localização!F73:F323,MATCH(B53,[1]Relação_Calibrações_Localização!$B$8:$B$259,0))="NÃO LOCALIZADO"),"PERDIDO", IF(OR(Q53="",T53="",W53=""),"INDETERMINADO",IF(MAX(R53,U53,X53)<=5,"APROVADO","REPROVADO"))) -> APROVADO
A54: 37333721 | B54: DLH-0067 | C54: 45855 | D54: 46220 | E54: 605434 | F54: 0.2 | G54: 0.09 | H54: 0.29 | I54: -0.01 | J54: 0.21 | K54: -0.11 | L54: 0.31 | M54: -0.11 | N54: 0.31 | O54: APROVADO | P54: 0.4 | Q54: 4.6 | R54: 5 | S54: 1 | T54: 0.9 | U54: 1.9 | V54: 1.5 | W54: 2.5 | X54: 4 | Y54: =IF(OR(INDEX([1]Relação_Calibrações_Localização!$F$8:$F$259,MATCH(B54,[1]Relação_Calibrações_Localização!$B$8:$B$259,0))="PERDIDO",INDEX([1]Relação_Calibrações_Localização!F74:F324,MATCH(B54,[1]Relação_Calibrações_Localização!$B$8:$B$259,0))="NÃO LOCALIZADO"),"PERDIDO", IF(OR(Q54="",T54="",W54=""),"INDETERMINADO",IF(MAX(R54,U54,X54)<=5,"APROVADO","REPROVADO"))) -> APROVADO
A55: 37333722 | B55: DLH-0068 | C55: 45855 | D55: 46220 | E55: 605505 | F55: 0.2 | G55: -0.11 | H55: 0.31 | I55: -0.11 | J55: 0.31 | K55: -0.01 | L55: 0.21 | M55: 0.09 | N55: 0.29 | O55: =IF(OR(INDEX([1]Relação_Calibrações_Localização!$F$8:$F$259,MATCH(B55,[1]Relação_Calibrações_Localização!$B$8:$B$259,0))="PERDIDO",INDEX([1]Relação_Calibrações_Localização!F75:F325,MATCH(B55,[1]Relação_Calibrações_Localização!$B$8:$B$259,0))="NÃO LOCALIZADO"),"PERDIDO", IF(OR(G55="",I55="",K55="",M55=""),"INDETERMINADO",IF(MAX(H55,J55,L55,N55)<=0.5,"APROVADO","REPROVADO"))) -> APROVADO | P55: 0.4 | Q55: 3.3 | R55: 3.7 | S55: 1 | T55: -0.3 | U55: 1.3 | V55: 1.5 | W55: 1.2 | X55: 2.7 | Y55: =IF(OR(INDEX([1]Relação_Calibrações_Localização!$F$8:$F$259,MATCH(B55,[1]Relação_Calibrações_Localização!$B$8:$B$259,0))="PERDIDO",INDEX([1]Relação_Calibrações_Localização!F75:F325,MATCH(B55,[1]Relação_Calibrações_Localização!$B$8:$B$259,0))="NÃO LOCALIZADO"),"PERDIDO", IF(OR(Q55="",T55="",W55=""),"INDETERMINADO",IF(MAX(R55,U55,X55)<=5,"APROVADO","REPROVADO"))) -> APROVADO
A56: 37333773 | B56: DLH-0073 | C56: 45855 | D56: 46220 | E56: 605539 | F56: 0.2 | G56: 0.09 | H56: 0.29 | I56: 0.09 | J56: 0.29 | K56: 0.19 | L56: 0.39 | M56: 0.29 | N56: 0.49 | O56: =IF(OR(INDEX([1]Relação_Calibrações_Localização!$F$8:$F$259,MATCH(B56,[1]Relação_Calibrações_Localização!$B$8:$B$259,0))="PERDIDO",INDEX([1]Relação_Calibrações_Localização!F80:F330,MATCH(B56,[1]Relação_Calibrações_Localização!$B$8:$B$259,0))="NÃO LOCALIZADO"),"PERDIDO", IF(OR(G56="",I56="",K56="",M56=""),"INDETERMINADO",IF(MAX(H56,J56,L56,N56)<=0.5,"APROVADO","REPROVADO"))) -> APROVADO | P56: 0.4 | Q56: 2.9 | R56: 3.3 | S56: 1 | T56: 1.8 | U56: 2.8 | V56: 1.5 | W56: 1.2 | X56: 2.7 | Y56: =IF(OR(INDEX([1]Relação_Calibrações_Localização!$F$8:$F$259,MATCH(B56,[1]Relação_Calibrações_Localização!$B$8:$B$259,0))="PERDIDO",INDEX([1]Relação_Calibrações_Localização!F80:F330,MATCH(B56,[1]Relação_Calibrações_Localização!$B$8:$B$259,0))="NÃO LOCALIZADO"),"PERDIDO", IF(OR(Q56="",T56="",W56=""),"INDETERMINADO",IF(MAX(R56,U56,X56)<=5,"APROVADO","REPROVADO"))) -> APROVADO
A57: 37333809 | B57: DLH-0074 | C57: 45855 | D57: 46220 | E57: 605549 | F57: 0.2 | G57: -0.01 | H57: 0.21 | I57: -0.11 | J57: 0.31 | K57: -0.11 | L57: 0.31 | M57: -0.21 | N57: 0.41 | O57: =IF(OR(INDEX([1]Relação_Calibrações_Localização!$F$8:$F$259,MATCH(B57,[1]Relação_Calibrações_Localização!$B$8:$B$259,0))="PERDIDO",INDEX([1]Relação_Calibrações_Localização!F81:F331,MATCH(B57,[1]Relação_Calibrações_Localização!$B$8:$B$259,0))="NÃO LOCALIZADO"),"PERDIDO", IF(OR(G57="",I57="",K57="",M57=""),"INDETERMINADO",IF(MAX(H57,J57,L57,N57)<=0.5,"APROVADO","REPROVADO"))) -> APROVADO | P57: 0.4 | Q57: 3.2 | R57: 3.6 | S57: 1 | T57: -1.9 | U57: 2.9 | V57: 1.5 | W57: 1.1 | X57: 2.6 | Y57: =IF(OR(INDEX([1]Relação_Calibrações_Localização!$F$8:$F$259,MATCH(B57,[1]Relação_Calibrações_Localização!$B$8:$B$259,0))="PERDIDO",INDEX([1]Relação_Calibrações_Localização!F81:F331,MATCH(B57,[1]Relação_Calibrações_Localização!$B$8:$B$259,0))="NÃO LOCALIZADO"),"PERDIDO", IF(OR(Q57="",T57="",W57=""),"INDETERMINADO",IF(MAX(R57,U57,X57)<=5,"APROVADO","REPROVADO"))) -> APROVADO
A58: 37333818 | B58: DLH-0075 | C58: 45855 | D58: 46220 | E58: 605443 | F58: 0.2 | G58: 0.19 | H58: 0.39 | I58: 0.09 | J58: 0.29 | K58: 0.09 | L58: 0.29 | M58: -0.21 | N58: 0.41 | O58: =IF(OR(INDEX([1]Relação_Calibrações_Localização!$F$8:$F$259,MATCH(B58,[1]Relação_Calibrações_Localização!$B$8:$B$259,0))="PERDIDO",INDEX([1]Relação_Calibrações_Localização!F82:F332,MATCH(B58,[1]Relação_Calibrações_Localização!$B$8:$B$259,0))="NÃO LOCALIZADO"),"PERDIDO", IF(OR(G58="",I58="",K58="",M58=""),"INDETERMINADO",IF(MAX(H58,J58,L58,N58)<=0.5,"APROVADO","REPROVADO"))) -> APROVADO | P58: 0.4 | Q58: 3.7 | R58: 4.1 | S58: 1 | T58: 3.3 | U58: 4.3 | V58: 1.5 | W58: 3.7 | X58: 5.2 | Y58: =IF(OR(INDEX([1]Relação_Calibrações_Localização!$F$8:$F$259,MATCH(B58,[1]Relação_Calibrações_Localização!$B$8:$B$259,0))="PERDIDO",INDEX([1]Relação_Calibrações_Localização!F82:F332,MATCH(B58,[1]Relação_Calibrações_Localização!$B$8:$B$259,0))="NÃO LOCALIZADO"),"PERDIDO", IF(OR(Q58="",T58="",W58=""),"INDETERMINADO",IF(MAX(R58,U58,X58)<=5,"APROVADO","REPROVADO"))) -> REPROVADO
A59: 37333822 | B59: DLH-0077 | C59: 45855 | D59: 46220 | E59: 605513 | F59: 0.2 | G59: -0.01 | H59: 0.21 | I59: -0.11 | J59: 0.31 | K59: -0.21 | L59: 0.41 | M59: -0.21 | N59: 0.41 | O59: =IF(OR(INDEX([1]Relação_Calibrações_Localização!$F$8:$F$259,MATCH(B59,[1]Relação_Calibrações_Localização!$B$8:$B$259,0))="PERDIDO",INDEX([1]Relação_Calibrações_Localização!F84:F334,MATCH(B59,[1]Relação_Calibrações_Localização!$B$8:$B$259,0))="NÃO LOCALIZADO"),"PERDIDO", IF(OR(G59="",I59="",K59="",M59=""),"INDETERMINADO",IF(MAX(H59,J59,L59,N59)<=0.5,"APROVADO","REPROVADO"))) -> APROVADO | P59: 0.4 | Q59: 2.7 | R59: 3.1 | S59: 1 | T59: -0.5 | U59: 1.5 | V59: 1.5 | W59: 1.5 | X59: 3 | Y59: =IF(OR(INDEX([1]Relação_Calibrações_Localização!$F$8:$F$259,MATCH(B59,[1]Relação_Calibrações_Localização!$B$8:$B$259,0))="PERDIDO",INDEX([1]Relação_Calibrações_Localização!F84:F334,MATCH(B59,[1]Relação_Calibrações_Localização!$B$8:$B$259,0))="NÃO LOCALIZADO"),"PERDIDO", IF(OR(Q59="",T59="",W59=""),"INDETERMINADO",IF(MAX(R59,U59,X59)<=5,"APROVADO","REPROVADO"))) -> APROVADO
A60: 37333842 | B60: DLH-0079 | C60: 45855 | D60: 46220 | E60: 605469 | F60: 0.2 | G60: 0.19 | H60: 0.39 | I60: 0.19 | J60: 0.39 | K60: 0.09 | L60: 0.29 | M60: -0.01 | N60: 0.21 | O60: =IF(OR(INDEX([1]Relação_Calibrações_Localização!$F$8:$F$259,MATCH(B60,[1]Relação_Calibrações_Localização!$B$8:$B$259,0))="PERDIDO",INDEX([1]Relação_Calibrações_Localização!F86:F336,MATCH(B60,[1]Relação_Calibrações_Localização!$B$8:$B$259,0))="NÃO LOCALIZADO"),"PERDIDO", IF(OR(G60="",I60="",K60="",M60=""),"INDETERMINADO",IF(MAX(H60,J60,L60,N60)<=0.5,"APROVADO","REPROVADO"))) -> APROVADO | P60: 0.4 | Q60: 3 | R60: 3.4 | S60: 1 | T60: 3 | U60: 4 | V60: 1.5 | W60: 2.3 | X60: 3.8 | Y60: =IF(OR(INDEX([1]Relação_Calibrações_Localização!$F$8:$F$259,MATCH(B60,[1]Relação_Calibrações_Localização!$B$8:$B$259,0))="PERDIDO",INDEX([1]Relação_Calibrações_Localização!F86:F336,MATCH(B60,[1]Relação_Calibrações_Localização!$B$8:$B$259,0))="NÃO LOCALIZADO"),"PERDIDO", IF(OR(Q60="",T60="",W60=""),"INDETERMINADO",IF(MAX(R60,U60,X60)<=5,"APROVADO","REPROVADO"))) -> APROVADO
A61: 37334033 | B61: DLH-0080 | C61: 45855 | D61: 46220 | E61: 605532 | F61: 0.2 | G61: -0.11 | H61: 0.31 | I61: -0.11 | J61: 0.31 | K61: -0.01 | L61: 0.21 | M61: 0.19 | N61: 0.39 | O61: =IF(OR(INDEX([1]Relação_Calibrações_Localização!$F$8:$F$259,MATCH(B61,[1]Relação_Calibrações_Localização!$B$8:$B$259,0))="PERDIDO",INDEX([1]Relação_Calibrações_Localização!F87:F337,MATCH(B61,[1]Relação_Calibrações_Localização!$B$8:$B$259,0))="NÃO LOCALIZADO"),"PERDIDO", IF(OR(G61="",I61="",K61="",M61=""),"INDETERMINADO",IF(MAX(H61,J61,L61,N61)<=0.5,"APROVADO","REPROVADO"))) -> APROVADO | P61: 0.4 | Q61: 3 | R61: 3.4 | S61: 1 | T61: 2.3 | U61: 3.3 | V61: 1.5 | W61: 0.5 | X61: 2 | Y61: =IF(OR(INDEX([1]Relação_Calibrações_Localização!$F$8:$F$259,MATCH(B61,[1]Relação_Calibrações_Localização!$B$8:$B$259,0))="PERDIDO",INDEX([1]Relação_Calibrações_Localização!F87:F337,MATCH(B61,[1]Relação_Calibrações_Localização!$B$8:$B$259,0))="NÃO LOCALIZADO"),"PERDIDO", IF(OR(Q61="",T61="",W61=""),"INDETERMINADO",IF(MAX(R61,U61,X61)<=5,"APROVADO","REPROVADO"))) -> APROVADO
A62: 37334290 | B62: DLH-0082 | C62: 45855 | D62: 46220 | E62: 605541 | F62: 0.2 | G62: 0.09 | H62: 0.29 | I62: -0.11 | J62: 0.31 | K62: 0.09 | L62: 0.29 | M62: 0.19 | N62: 0.39 | O62: =IF(OR(INDEX([1]Relação_Calibrações_Localização!$F$8:$F$259,MATCH(B62,[1]Relação_Calibrações_Localização!$B$8:$B$259,0))="PERDIDO",INDEX([1]Relação_Calibrações_Localização!F89:F339,MATCH(B62,[1]Relação_Calibrações_Localização!$B$8:$B$259,0))="NÃO LOCALIZADO"),"PERDIDO", IF(OR(G62="",I62="",K62="",M62=""),"INDETERMINADO",IF(MAX(H62,J62,L62,N62)<=0.5,"APROVADO","REPROVADO"))) -> APROVADO | P62: 0.4 | Q62: 3.7 | R62: 4.1 | S62: 1 | T62: 1.8 | U62: 2.8 | V62: 1.5 | W62: 1.9 | X62: 3.4 | Y62: =IF(OR(INDEX([1]Relação_Calibrações_Localização!$F$8:$F$259,MATCH(B62,[1]Relação_Calibrações_Localização!$B$8:$B$259,0))="PERDIDO",INDEX([1]Relação_Calibrações_Localização!F89:F339,MATCH(B62,[1]Relação_Calibrações_Localização!$B$8:$B$259,0))="NÃO LOCALIZADO"),"PERDIDO", IF(OR(Q62="",T62="",W62=""),"INDETERMINADO",IF(MAX(R62,U62,X62)<=5,"APROVADO","REPROVADO"))) -> APROVADO
A63: 37334304 | B63: DLH-0083 | C63: 45855 | D63: 46220 | E63: 605442 | F63: 0.2 | G63: 0.19 | H63: 0.39 | I63: -0.11 | J63: 0.31 | K63: -0.11 | L63: 0.31 | M63: -0.11 | N63: 0.31 | O63: =IF(OR(INDEX([1]Relação_Calibrações_Localização!$F$8:$F$259,MATCH(B63,[1]Relação_Calibrações_Localização!$B$8:$B$259,0))="PERDIDO",INDEX([1]Relação_Calibrações_Localização!F90:F340,MATCH(B63,[1]Relação_Calibrações_Localização!$B$8:$B$259,0))="NÃO LOCALIZADO"),"PERDIDO", IF(OR(G63="",I63="",K63="",M63=""),"INDETERMINADO",IF(MAX(H63,J63,L63,N63)<=0.5,"APROVADO","REPROVADO"))) -> APROVADO | P63: 0.4 | Q63: 3.1 | R63: 3.5 | S63: 1 | T63: 3.5 | U63: 4.5 | V63: 1.5 | W63: 1 | X63: 2.5 | Y63: =IF(OR(INDEX([1]Relação_Calibrações_Localização!$F$8:$F$259,MATCH(B63,[1]Relação_Calibrações_Localização!$B$8:$B$259,0))="PERDIDO",INDEX([1]Relação_Calibrações_Localização!F90:F340,MATCH(B63,[1]Relação_Calibrações_Localização!$B$8:$B$259,0))="NÃO LOCALIZADO"),"PERDIDO", IF(OR(Q63="",T63="",W63=""),"INDETERMINADO",IF(MAX(R63,U63,X63)<=5,"APROVADO","REPROVADO"))) -> APROVADO
A64: 37334306 | B64: DLH-0084 | C64: 45855 | D64: 46220 | E64: 605433 | F64: 0.2 | G64: -0.01 | H64: 0.21 | I64: -0.11 | J64: 0.31 | K64: -0.11 | L64: 0.31 | M64: -0.21 | N64: 0.41 | O64: =IF(OR(INDEX([1]Relação_Calibrações_Localização!$F$8:$F$259,MATCH(B64,[1]Relação_Calibrações_Localização!$B$8:$B$259,0))="PERDIDO",INDEX([1]Relação_Calibrações_Localização!F91:F341,MATCH(B64,[1]Relação_Calibrações_Localização!$B$8:$B$259,0))="NÃO LOCALIZADO"),"PERDIDO", IF(OR(G64="",I64="",K64="",M64=""),"INDETERMINADO",IF(MAX(H64,J64,L64,N64)<=0.5,"APROVADO","REPROVADO"))) -> APROVADO | P64: 0.4 | Q64: 2.5 | R64: 2.9 | S64: 1 | T64: -2.9 | U64: 3.9 | V64: 1.5 | W64: 0.8 | X64: 2.3 | Y64: =IF(OR(INDEX([1]Relação_Calibrações_Localização!$F$8:$F$259,MATCH(B64,[1]Relação_Calibrações_Localização!$B$8:$B$259,0))="PERDIDO",INDEX([1]Relação_Calibrações_Localização!F91:F341,MATCH(B64,[1]Relação_Calibrações_Localização!$B$8:$B$259,0))="NÃO LOCALIZADO"),"PERDIDO", IF(OR(Q64="",T64="",W64=""),"INDETERMINADO",IF(MAX(R64,U64,X64)<=5,"APROVADO","REPROVADO"))) -> APROVADO
A65: 37334316 | B65: DLH-0085 | C65: 45855 | D65: 46220 | E65: 605551 | F65: 0.2 | G65: 0.09 | H65: 0.29 | I65: -0.01 | J65: 0.21 | K65: -0.11 | L65: 0.31 | M65: -0.21 | N65: 0.41 | O65: =IF(OR(INDEX([1]Relação_Calibrações_Localização!$F$8:$F$259,MATCH(B65,[1]Relação_Calibrações_Localização!$B$8:$B$259,0))="PERDIDO",INDEX([1]Relação_Calibrações_Localização!F92:F342,MATCH(B65,[1]Relação_Calibrações_Localização!$B$8:$B$259,0))="NÃO LOCALIZADO"),"PERDIDO", IF(OR(G65="",I65="",K65="",M65=""),"INDETERMINADO",IF(MAX(H65,J65,L65,N65)<=0.5,"APROVADO","REPROVADO"))) -> APROVADO | P65: 0.4 | Q65: 3.6 | R65: 4 | S65: 1 | T65: -1 | U65: 2 | V65: 1.5 | W65: -2.7 | X65: 4.2 | Y65: =IF(OR(INDEX([1]Relação_Calibrações_Localização!$F$8:$F$259,MATCH(B65,[1]Relação_Calibrações_Localização!$B$8:$B$259,0))="PERDIDO",INDEX([1]Relação_Calibrações_Localização!F92:F342,MATCH(B65,[1]Relação_Calibrações_Localização!$B$8:$B$259,0))="NÃO LOCALIZADO"),"PERDIDO", IF(OR(Q65="",T65="",W65=""),"INDETERMINADO",IF(MAX(R65,U65,X65)<=5,"APROVADO","REPROVADO"))) -> APROVADO
A66: 37334322 | B66: DLH-0087 | C66: 45855 | D66: 46220 | E66: 605508 | F66: 0.2 | G66: -0.21 | H66: 0.41 | I66: -0.01 | J66: 0.21 | K66: -0.01 | L66: 0.21 | M66: 0.09 | N66: 0.29 | O66: =IF(OR(INDEX([1]Relação_Calibrações_Localização!$F$8:$F$259,MATCH(B66,[1]Relação_Calibrações_Localização!$B$8:$B$259,0))="PERDIDO",INDEX([1]Relação_Calibrações_Localização!F94:F344,MATCH(B66,[1]Relação_Calibrações_Localização!$B$8:$B$259,0))="NÃO LOCALIZADO"),"PERDIDO", IF(OR(G66="",I66="",K66="",M66=""),"INDETERMINADO",IF(MAX(H66,J66,L66,N66)<=0.5,"APROVADO","REPROVADO"))) -> APROVADO | P66: 0.4 | Q66: 2.5 | R66: 2.9 | S66: 1 | T66: 0.9 | U66: 1.9 | V66: 1.5 | W66: 1 | X66: 2.5 | Y66: =IF(OR(INDEX([1]Relação_Calibrações_Localização!$F$8:$F$259,MATCH(B66,[1]Relação_Calibrações_Localização!$B$8:$B$259,0))="PERDIDO",INDEX([1]Relação_Calibrações_Localização!F94:F344,MATCH(B66,[1]Relação_Calibrações_Localização!$B$8:$B$259,0))="NÃO LOCALIZADO"),"PERDIDO", IF(OR(Q66="",T66="",W66=""),"INDETERMINADO",IF(MAX(R66,U66,X66)<=5,"APROVADO","REPROVADO"))) -> APROVADO
A67: 37334328 | B67: DLH-0088 | C67: 45855 | D67: 46220 | E67: 605557 | F67: 0.2 | G67: 0.09 | H67: 0.29 | I67: 0.09 | J67: 0.29 | K67: -0.01 | L67: 0.21 | M67: -0.11 | N67: 0.31 | O67: =IF(OR(INDEX([1]Relação_Calibrações_Localização!$F$8:$F$259,MATCH(B67,[1]Relação_Calibrações_Localização!$B$8:$B$259,0))="PERDIDO",INDEX([1]Relação_Calibrações_Localização!F95:F345,MATCH(B67,[1]Relação_Calibrações_Localização!$B$8:$B$259,0))="NÃO LOCALIZADO"),"PERDIDO", IF(OR(G67="",I67="",K67="",M67=""),"INDETERMINADO",IF(MAX(H67,J67,L67,N67)<=0.5,"APROVADO","REPROVADO"))) -> APROVADO | P67: 0.4 | Q67: 3.2 | R67: 3.6 | S67: 1 | T67: -1.3 | U67: 2.3 | V67: 1.5 | W67: 0.9 | X67: 2.4 | Y67: =IF(OR(INDEX([1]Relação_Calibrações_Localização!$F$8:$F$259,MATCH(B67,[1]Relação_Calibrações_Localização!$B$8:$B$259,0))="PERDIDO",INDEX([1]Relação_Calibrações_Localização!F95:F345,MATCH(B67,[1]Relação_Calibrações_Localização!$B$8:$B$259,0))="NÃO LOCALIZADO"),"PERDIDO", IF(OR(Q67="",T67="",W67=""),"INDETERMINADO",IF(MAX(R67,U67,X67)<=5,"APROVADO","REPROVADO"))) -> APROVADO
A68: 37334329 | B68: DLH-0089 | C68: 45855 | D68: 46220 | E68: 605463 | F68: 0.2 | G68: -0.01 | H68: 0.21 | I68: -0.01 | J68: 0.21 | K68: -0.11 | L68: 0.31 | M68: -0.11 | N68: 0.31 | O68: =IF(OR(INDEX([1]Relação_Calibrações_Localização!$F$8:$F$259,MATCH(B68,[1]Relação_Calibrações_Localização!$B$8:$B$259,0))="PERDIDO",INDEX([1]Relação_Calibrações_Localização!F96:F346,MATCH(B68,[1]Relação_Calibrações_Localização!$B$8:$B$259,0))="NÃO LOCALIZADO"),"PERDIDO", IF(OR(G68="",I68="",K68="",M68=""),"INDETERMINADO",IF(MAX(H68,J68,L68,N68)<=0.5,"APROVADO","REPROVADO"))) -> APROVADO | P68: 0.4 | Q68: 3.1 | R68: 3.5 | S68: 1 | T68: 3 | U68: 4 | V68: 1.5 | W68: 2.5 | X68: 4 | Y68: =IF(OR(INDEX([1]Relação_Calibrações_Localização!$F$8:$F$259,MATCH(B68,[1]Relação_Calibrações_Localização!$B$8:$B$259,0))="PERDIDO",INDEX([1]Relação_Calibrações_Localização!F96:F346,MATCH(B68,[1]Relação_Calibrações_Localização!$B$8:$B$259,0))="NÃO LOCALIZADO"),"PERDIDO", IF(OR(Q68="",T68="",W68=""),"INDETERMINADO",IF(MAX(R68,U68,X68)<=5,"APROVADO","REPROVADO"))) -> APROVADO
A69: 37334333 | B69: DLH-0090 | C69: 45855 | D69: 46220 | E69: 605544 | F69: 0.2 | G69: -0.01 | H69: 0.21 | I69: -0.11 | J69: 0.31 | K69: -0.11 | L69: 0.31 | M69: -0.21 | N69: 0.41 | O69: =IF(OR(INDEX([1]Relação_Calibrações_Localização!$F$8:$F$259,MATCH(B69,[1]Relação_Calibrações_Localização!$B$8:$B$259,0))="PERDIDO",INDEX([1]Relação_Calibrações_Localização!F97:F347,MATCH(B69,[1]Relação_Calibrações_Localização!$B$8:$B$259,0))="NÃO LOCALIZADO"),"PERDIDO", IF(OR(G69="",I69="",K69="",M69=""),"INDETERMINADO",IF(MAX(H69,J69,L69,N69)<=0.5,"APROVADO","REPROVADO"))) -> APROVADO | P69: 0.4 | Q69: 2.6 | R69: 3 | S69: 1 | T69: 1.1 | U69: 2.1 | V69: 1.5 | W69: 1.8 | X69: 3.3 | Y69: =IF(OR(INDEX([1]Relação_Calibrações_Localização!$F$8:$F$259,MATCH(B69,[1]Relação_Calibrações_Localização!$B$8:$B$259,0))="PERDIDO",INDEX([1]Relação_Calibrações_Localização!F97:F347,MATCH(B69,[1]Relação_Calibrações_Localização!$B$8:$B$259,0))="NÃO LOCALIZADO"),"PERDIDO", IF(OR(Q69="",T69="",W69=""),"INDETERMINADO",IF(MAX(R69,U69,X69)<=5,"APROVADO","REPROVADO"))) -> APROVADO
A70: 37334344 | B70: DLH-0091 | C70: 45855 | D70: 46220 | E70: 605554 | F70: 0.2 | G70: -0.21 | H70: 0.41 | I70: -0.11 | J70: 0.31 | K70: -0.11 | L70: 0.31 | M70: -0.01 | N70: 0.21 | O70: =IF(OR(INDEX([1]Relação_Calibrações_Localização!$F$8:$F$259,MATCH(B70,[1]Relação_Calibrações_Localização!$B$8:$B$259,0))="PERDIDO",INDEX([1]Relação_Calibrações_Localização!F98:F348,MATCH(B70,[1]Relação_Calibrações_Localização!$B$8:$B$259,0))="NÃO LOCALIZADO"),"PERDIDO", IF(OR(G70="",I70="",K70="",M70=""),"INDETERMINADO",IF(MAX(H70,J70,L70,N70)<=0.5,"APROVADO","REPROVADO"))) -> APROVADO | P70: 0.4 | Q70: 3.2 | R70: 3.6 | S70: 1 | T70: 2.8 | U70: 3.8 | V70: 1.5 | W70: 2.2 | X70: 3.7 | Y70: =IF(OR(INDEX([1]Relação_Calibrações_Localização!$F$8:$F$259,MATCH(B70,[1]Relação_Calibrações_Localização!$B$8:$B$259,0))="PERDIDO",INDEX([1]Relação_Calibrações_Localização!F98:F348,MATCH(B70,[1]Relação_Calibrações_Localização!$B$8:$B$259,0))="NÃO LOCALIZADO"),"PERDIDO", IF(OR(Q70="",T70="",W70=""),"INDETERMINADO",IF(MAX(R70,U70,X70)<=5,"APROVADO","REPROVADO"))) -> APROVADO
A71: 37334353 | B71: DLH-0093 | C71: 45855 | D71: 46220 | E71: 605470 | F71: 0.2 | G71: -0.01 | H71: 0.21 | I71: -0.01 | J71: 0.21 | K71: -0.11 | L71: 0.31 | M71: -0.11 | N71: 0.31 | O71: =IF(OR(INDEX([1]Relação_Calibrações_Localização!$F$8:$F$259,MATCH(B71,[1]Relação_Calibrações_Localização!$B$8:$B$259,0))="PERDIDO",INDEX([1]Relação_Calibrações_Localização!F100:F350,MATCH(B71,[1]Relação_Calibrações_Localização!$B$8:$B$259,0))="NÃO LOCALIZADO"),"PERDIDO", IF(OR(G71="",I71="",K71="",M71=""),"INDETERMINADO",IF(MAX(H71,J71,L71,N71)<=0.5,"APROVADO","REPROVADO"))) -> APROVADO | P71: 0.4 | Q71: 3.2 | R71: 3.6 | S71: 1 | T71: 2.8 | U71: 3.8 | V71: 1.5 | W71: 0.5 | X71: 2 | Y71: =IF(OR(INDEX([1]Relação_Calibrações_Localização!$F$8:$F$259,MATCH(B71,[1]Relação_Calibrações_Localização!$B$8:$B$259,0))="PERDIDO",INDEX([1]Relação_Calibrações_Localização!F100:F350,MATCH(B71,[1]Relação_Calibrações_Localização!$B$8:$B$259,0))="NÃO LOCALIZADO"),"PERDIDO", IF(OR(Q71="",T71="",W71=""),"INDETERMINADO",IF(MAX(R71,U71,X71)<=5,"APROVADO","REPROVADO"))) -> APROVADO
A72: 37334359 | B72: DLH-0094 | C72: 45855 | D72: 46220 | E72: 605496 | F72: 0.2 | G72: -0.21 | H72: 0.41 | I72: -0.11 | J72: 0.31 | K72: -0.11 | L72: 0.31 | M72: -0.01 | N72: 0.21 | O72: =IF(OR(INDEX([1]Relação_Calibrações_Localização!$F$8:$F$259,MATCH(B72,[1]Relação_Calibrações_Localização!$B$8:$B$259,0))="PERDIDO",INDEX([1]Relação_Calibrações_Localização!F101:F351,MATCH(B72,[1]Relação_Calibrações_Localização!$B$8:$B$259,0))="NÃO LOCALIZADO"),"PERDIDO", IF(OR(G72="",I72="",K72="",M72=""),"INDETERMINADO",IF(MAX(H72,J72,L72,N72)<=0.5,"APROVADO","REPROVADO"))) -> APROVADO | P72: 0.4 | Q72: 2.7 | R72: 3.1 | S72: 1 | T72: 1.5 | U72: 2.5 | V72: 1.5 | W72: 0.2 | X72: 1.7 | Y72: =IF(OR(INDEX([1]Relação_Calibrações_Localização!$F$8:$F$259,MATCH(B72,[1]Relação_Calibrações_Localização!$B$8:$B$259,0))="PERDIDO",INDEX([1]Relação_Calibrações_Localização!F101:F351,MATCH(B72,[1]Relação_Calibrações_Localização!$B$8:$B$259,0))="NÃO LOCALIZADO"),"PERDIDO", IF(OR(Q72="",T72="",W72=""),"INDETERMINADO",IF(MAX(R72,U72,X72)<=5,"APROVADO","REPROVADO"))) -> APROVADO
A73: 37334369 | B73: DLH-0095 | C73: 45855 | D73: 46220 | E73: 605457 | F73: 0.2 | G73: -0.11 | H73: 0.31 | I73: -0.11 | J73: 0.31 | K73: -0.01 | L73: 0.21 | M73: 0.19 | N73: 0.39 | O73: =IF(OR(INDEX([1]Relação_Calibrações_Localização!$F$8:$F$259,MATCH(B73,[1]Relação_Calibrações_Localização!$B$8:$B$259,0))="PERDIDO",INDEX([1]Relação_Calibrações_Localização!F102:F352,MATCH(B73,[1]Relação_Calibrações_Localização!$B$8:$B$259,0))="NÃO LOCALIZADO"),"PERDIDO", IF(OR(G73="",I73="",K73="",M73=""),"INDETERMINADO",IF(MAX(H73,J73,L73,N73)<=0.5,"APROVADO","REPROVADO"))) -> APROVADO | P73: 0.4 | Q73: 2.1 | R73: 2.5 | S73: 1 | T73: 3.2 | U73: 4.2 | V73: 1.5 | W73: 3.1 | X73: 4.6 | Y73: =IF(OR(INDEX([1]Relação_Calibrações_Localização!$F$8:$F$259,MATCH(B73,[1]Relação_Calibrações_Localização!$B$8:$B$259,0))="PERDIDO",INDEX([1]Relação_Calibrações_Localização!F102:F352,MATCH(B73,[1]Relação_Calibrações_Localização!$B$8:$B$259,0))="NÃO LOCALIZADO"),"PERDIDO", IF(OR(Q73="",T73="",W73=""),"INDETERMINADO",IF(MAX(R73,U73,X73)<=5,"APROVADO","REPROVADO"))) -> APROVADO
A74: 37334399 | B74: DLH-0097 | C74: 45855 | D74: 46220 | E74: 605458 | F74: 0.2 | G74: -0.11 | H74: 0.31 | I74: -0.11 | J74: 0.31 | K74: -0.21 | L74: 0.41 | M74: -0.31 | N74: 0.51 | O74: =IF(OR(INDEX([1]Relação_Calibrações_Localização!$F$8:$F$259,MATCH(B74,[1]Relação_Calibrações_Localização!$B$8:$B$259,0))="PERDIDO",INDEX([1]Relação_Calibrações_Localização!F104:F354,MATCH(B74,[1]Relação_Calibrações_Localização!$B$8:$B$259,0))="NÃO LOCALIZADO"),"PERDIDO", IF(OR(G74="",I74="",K74="",M74=""),"INDETERMINADO",IF(MAX(H74,J74,L74,N74)<=0.5,"APROVADO","REPROVADO"))) -> REPROVADO | P74: 0.4 | Q74: 3.1 | R74: 3.5 | S74: 1 | T74: -0.7 | U74: 1.7 | V74: 1.5 | W74: 0.7 | X74: 2.2 | Y74: =IF(OR(INDEX([1]Relação_Calibrações_Localização!$F$8:$F$259,MATCH(B74,[1]Relação_Calibrações_Localização!$B$8:$B$259,0))="PERDIDO",INDEX([1]Relação_Calibrações_Localização!F104:F354,MATCH(B74,[1]Relação_Calibrações_Localização!$B$8:$B$259,0))="NÃO LOCALIZADO"),"PERDIDO", IF(OR(Q74="",T74="",W74=""),"INDETERMINADO",IF(MAX(R74,U74,X74)<=5,"APROVADO","REPROVADO"))) -> APROVADO
A75: 37334432 | B75: DLH-0098 | C75: 45855 | D75: 46220 | E75: 605468 | F75: 0.2 | G75: -0.01 | H75: 0.21 | I75: 0.09 | J75: 0.29 | K75: 0.19 | L75: 0.39 | M75: 0.19 | N75: 0.39 | O75: =IF(OR(INDEX([1]Relação_Calibrações_Localização!$F$8:$F$259,MATCH(B75,[1]Relação_Calibrações_Localização!$B$8:$B$259,0))="PERDIDO",INDEX([1]Relação_Calibrações_Localização!F105:F355,MATCH(B75,[1]Relação_Calibrações_Localização!$B$8:$B$259,0))="NÃO LOCALIZADO"),"PERDIDO", IF(OR(G75="",I75="",K75="",M75=""),"INDETERMINADO",IF(MAX(H75,J75,L75,N75)<=0.5,"APROVADO","REPROVADO"))) -> APROVADO | P75: 0.4 | Q75: 3.1 | R75: 3.5 | S75: 1 | T75: 2.8 | U75: 3.8 | V75: 1.5 | W75: 2.2 | X75: 3.7 | Y75: =IF(OR(INDEX([1]Relação_Calibrações_Localização!$F$8:$F$259,MATCH(B75,[1]Relação_Calibrações_Localização!$B$8:$B$259,0))="PERDIDO",INDEX([1]Relação_Calibrações_Localização!F105:F355,MATCH(B75,[1]Relação_Calibrações_Localização!$B$8:$B$259,0))="NÃO LOCALIZADO"),"PERDIDO", IF(OR(Q75="",T75="",W75=""),"INDETERMINADO",IF(MAX(R75,U75,X75)<=5,"APROVADO","REPROVADO"))) -> APROVADO
A76: 37334434 | B76: DLH-0100 | C76: 45855 | D76: 46220 | E76: 605553 | F76: 0.2 | G76: -0.01 | H76: 0.21 | I76: -0.01 | J76: 0.21 | K76: 0.09 | L76: 0.29 | M76: 0.19 | N76: 0.39 | O76: =IF(OR(INDEX([1]Relação_Calibrações_Localização!$F$8:$F$259,MATCH(B76,[1]Relação_Calibrações_Localização!$B$8:$B$259,0))="PERDIDO",INDEX([1]Relação_Calibrações_Localização!F107:F357,MATCH(B76,[1]Relação_Calibrações_Localização!$B$8:$B$259,0))="NÃO LOCALIZADO"),"PERDIDO", IF(OR(G76="",I76="",K76="",M76=""),"INDETERMINADO",IF(MAX(H76,J76,L76,N76)<=0.5,"APROVADO","REPROVADO"))) -> APROVADO | P76: 0.4 | Q76: 2.7 | R76: 3.1 | S76: 1 | T76: 1.8 | U76: 2.8 | V76: 1.5 | W76: 0.9 | X76: 2.4 | Y76: =IF(OR(INDEX([1]Relação_Calibrações_Localização!$F$8:$F$259,MATCH(B76,[1]Relação_Calibrações_Localização!$B$8:$B$259,0))="PERDIDO",INDEX([1]Relação_Calibrações_Localização!F107:F357,MATCH(B76,[1]Relação_Calibrações_Localização!$B$8:$B$259,0))="NÃO LOCALIZADO"),"PERDIDO", IF(OR(Q76="",T76="",W76=""),"INDETERMINADO",IF(MAX(R76,U76,X76)<=5,"APROVADO","REPROVADO"))) -> APROVADO
A77: 37334457 | B77: DLH-0105 | C77: 45855 | D77: 46220 | E77: 605438 | F77: 0.2 | G77: 0.09 | H77: 0.29 | I77: -0.01 | J77: 0.21 | K77: -0.11 | L77: 0.31 | M77: -0.11 | N77: 0.31 | O77: =IF(OR(INDEX([1]Relação_Calibrações_Localização!$F$8:$F$259,MATCH(B77,[1]Relação_Calibrações_Localização!$B$8:$B$259,0))="PERDIDO",INDEX([1]Relação_Calibrações_Localização!F112:F362,MATCH(B77,[1]Relação_Calibrações_Localização!$B$8:$B$259,0))="NÃO LOCALIZADO"),"PERDIDO", IF(OR(G77="",I77="",K77="",M77=""),"INDETERMINADO",IF(MAX(H77,J77,L77,N77)<=0.5,"APROVADO","REPROVADO"))) -> APROVADO | P77: 0.4 | Q77: 3.6 | R77: 4 | S77: 1 | T77: 3.2 | U77: 4.2 | V77: 1.5 | W77: 1.3 | X77: 2.8 | Y77: =IF(OR(INDEX([1]Relação_Calibrações_Localização!$F$8:$F$259,MATCH(B77,[1]Relação_Calibrações_Localização!$B$8:$B$259,0))="PERDIDO",INDEX([1]Relação_Calibrações_Localização!F112:F362,MATCH(B77,[1]Relação_Calibrações_Localização!$B$8:$B$259,0))="NÃO LOCALIZADO"),"PERDIDO", IF(OR(Q77="",T77="",W77=""),"INDETERMINADO",IF(MAX(R77,U77,X77)<=5,"APROVADO","REPROVADO"))) -> APROVADO
A78: 37334500 | B78: DLH-0109 | C78: 45855 | D78: 46220 | E78: 605542 | F78: 0.2 | G78: 0.19 | H78: 0.39 | I78: 0.09 | J78: 0.29 | K78: 0.09 | L78: 0.29 | M78: -0.01 | N78: 0.21 | O78: =IF(OR(INDEX([1]Relação_Calibrações_Localização!$F$8:$F$259,MATCH(B78,[1]Relação_Calibrações_Localização!$B$8:$B$259,0))="PERDIDO",INDEX([1]Relação_Calibrações_Localização!F116:F366,MATCH(B78,[1]Relação_Calibrações_Localização!$B$8:$B$259,0))="NÃO LOCALIZADO"),"PERDIDO", IF(OR(G78="",I78="",K78="",M78=""),"INDETERMINADO",IF(MAX(H78,J78,L78,N78)<=0.5,"APROVADO","REPROVADO"))) -> APROVADO | P78: 0.4 | Q78: 3.1 | R78: 3.5 | S78: 1 | T78: 2.5 | U78: 3.5 | V78: 1.5 | W78: 1.4 | X78: 2.9 | Y78: =IF(OR(INDEX([1]Relação_Calibrações_Localização!$F$8:$F$259,MATCH(B78,[1]Relação_Calibrações_Localização!$B$8:$B$259,0))="PERDIDO",INDEX([1]Relação_Calibrações_Localização!F116:F366,MATCH(B78,[1]Relação_Calibrações_Localização!$B$8:$B$259,0))="NÃO LOCALIZADO"),"PERDIDO", IF(OR(Q78="",T78="",W78=""),"INDETERMINADO",IF(MAX(R78,U78,X78)<=5,"APROVADO","REPROVADO"))) -> APROVADO
A79: 37334504 | B79: DLH-0110 | C79: 45855 | D79: 46220 | E79: 605515 | F79: 0.2 | G79: -0.21 | H79: 0.41 | I79: -0.11 | J79: 0.31 | K79: -0.11 | L79: 0.31 | M79: -0.01 | N79: 0.21 | O79: =IF(OR(INDEX([1]Relação_Calibrações_Localização!$F$8:$F$259,MATCH(B79,[1]Relação_Calibrações_Localização!$B$8:$B$259,0))="PERDIDO",INDEX([1]Relação_Calibrações_Localização!F117:F367,MATCH(B79,[1]Relação_Calibrações_Localização!$B$8:$B$259,0))="NÃO LOCALIZADO"),"PERDIDO", IF(OR(G79="",I79="",K79="",M79=""),"INDETERMINADO",IF(MAX(H79,J79,L79,N79)<=0.5,"APROVADO","REPROVADO"))) -> APROVADO | P79: 0.4 | Q79: 3 | R79: 3.4 | S79: 1 | T79: 2.7 | U79: 3.7 | V79: 1.5 | W79: 2.3 | X79: 3.8 | Y79: =IF(OR(INDEX([1]Relação_Calibrações_Localização!$F$8:$F$259,MATCH(B79,[1]Relação_Calibrações_Localização!$B$8:$B$259,0))="PERDIDO",INDEX([1]Relação_Calibrações_Localização!F117:F367,MATCH(B79,[1]Relação_Calibrações_Localização!$B$8:$B$259,0))="NÃO LOCALIZADO"),"PERDIDO", IF(OR(Q79="",T79="",W79=""),"INDETERMINADO",IF(MAX(R79,U79,X79)<=5,"APROVADO","REPROVADO"))) -> APROVADO
A80: 37334507 | B80: DLH-0111 | C80: 45855 | D80: 46220 | E80: 605545 | F80: 0.2 | G80: -0.11 | H80: 0.31 | I80: -0.11 | J80: 0.31 | K80: -0.21 | L80: 0.41 | M80: -0.31 | N80: 0.51 | O80: =IF(OR(INDEX([1]Relação_Calibrações_Localização!$F$8:$F$259,MATCH(B80,[1]Relação_Calibrações_Localização!$B$8:$B$259,0))="PERDIDO",INDEX([1]Relação_Calibrações_Localização!F118:F368,MATCH(B80,[1]Relação_Calibrações_Localização!$B$8:$B$259,0))="NÃO LOCALIZADO"),"PERDIDO", IF(OR(G80="",I80="",K80="",M80=""),"INDETERMINADO",IF(MAX(H80,J80,L80,N80)<=0.5,"APROVADO","REPROVADO"))) -> REPROVADO | P80: 0.4 | Q80: 2.5 | R80: 2.9 | S80: 1 | T80: 0.1 | U80: 1.1 | V80: 1.5 | W80: 0.1 | X80: 1.6 | Y80: =IF(OR(INDEX([1]Relação_Calibrações_Localização!$F$8:$F$259,MATCH(B80,[1]Relação_Calibrações_Localização!$B$8:$B$259,0))="PERDIDO",INDEX([1]Relação_Calibrações_Localização!F118:F368,MATCH(B80,[1]Relação_Calibrações_Localização!$B$8:$B$259,0))="NÃO LOCALIZADO"),"PERDIDO", IF(OR(Q80="",T80="",W80=""),"INDETERMINADO",IF(MAX(R80,U80,X80)<=5,"APROVADO","REPROVADO"))) -> APROVADO
A81: 37334519 | B81: DLH-0112 | C81: 45855 | D81: 46220 | E81: 605465 | F81: 0.2 | G81: 0.19 | H81: 0.39 | I81: 0.09 | J81: 0.29 | K81: -0.11 | L81: 0.31 | M81: -0.11 | N81: 0.31 | O81: APROVADO | P81: 0.4 | Q81: 3.3 | R81: 3.7 | S81: 1 | T81: 3 | U81: 4 | V81: 1.5 | W81: 0.5 | X81: 2 | Y81: =IF(OR(INDEX([1]Relação_Calibrações_Localização!$F$8:$F$259,MATCH(B81,[1]Relação_Calibrações_Localização!$B$8:$B$259,0))="PERDIDO",INDEX([1]Relação_Calibrações_Localização!F119:F369,MATCH(B81,[1]Relação_Calibrações_Localização!$B$8:$B$259,0))="NÃO LOCALIZADO"),"PERDIDO", IF(OR(Q81="",T81="",W81=""),"INDETERMINADO",IF(MAX(R81,U81,X81)<=5,"APROVADO","REPROVADO"))) -> APROVADO
A82: 37334570 | B82: DLH-0113 | C82: 45855 | D82: 46220 | E82: 605472 | F82: 0.2 | G82: 0.09 | H82: 0.29 | I82: 0.09 | J82: 0.29 | K82: -0.01 | L82: 0.21 | M82: -0.11 | N82: 0.31 | O82: =IF(OR(INDEX([1]Relação_Calibrações_Localização!$F$8:$F$259,MATCH(B82,[1]Relação_Calibrações_Localização!$B$8:$B$259,0))="PERDIDO",INDEX([1]Relação_Calibrações_Localização!F120:F370,MATCH(B82,[1]Relação_Calibrações_Localização!$B$8:$B$259,0))="NÃO LOCALIZADO"),"PERDIDO", IF(OR(G82="",I82="",K82="",M82=""),"INDETERMINADO",IF(MAX(H82,J82,L82,N82)<=0.5,"APROVADO","REPROVADO"))) -> APROVADO | P82: 0.4 | Q82: 3.4 | R82: 3.8 | S82: 1 | T82: 3.1 | U82: 4.1 | V82: 1.5 | W82: 1.8 | X82: 3.3 | Y82: =IF(OR(INDEX([1]Relação_Calibrações_Localização!$F$8:$F$259,MATCH(B82,[1]Relação_Calibrações_Localização!$B$8:$B$259,0))="PERDIDO",INDEX([1]Relação_Calibrações_Localização!F120:F370,MATCH(B82,[1]Relação_Calibrações_Localização!$B$8:$B$259,0))="NÃO LOCALIZADO"),"PERDIDO", IF(OR(Q82="",T82="",W82=""),"INDETERMINADO",IF(MAX(R82,U82,X82)<=5,"APROVADO","REPROVADO"))) -> APROVADO
A83: 37334822 | B83: DLH-0114 | C83: 45855 | D83: 46220 | E83: 605502 | F83: 0.2 | G83: -0.01 | H83: 0.21 | I83: 0.09 | J83: 0.29 | K83: 0.09 | L83: 0.29 | M83: 0.19 | N83: 0.39 | O83: =IF(OR(INDEX([1]Relação_Calibrações_Localização!$F$8:$F$259,MATCH(B83,[1]Relação_Calibrações_Localização!$B$8:$B$259,0))="PERDIDO",INDEX([1]Relação_Calibrações_Localização!F121:F371,MATCH(B83,[1]Relação_Calibrações_Localização!$B$8:$B$259,0))="NÃO LOCALIZADO"),"PERDIDO", IF(OR(G83="",I83="",K83="",M83=""),"INDETERMINADO",IF(MAX(H83,J83,L83,N83)<=0.5,"APROVADO","REPROVADO"))) -> APROVADO | P83: 0.4 | Q83: 3.5 | R83: 3.9 | S83: 1 | T83: 0.3 | U83: 1.3 | V83: 1.5 | W83: 1.7 | X83: 3.2 | Y83: =IF(OR(INDEX([1]Relação_Calibrações_Localização!$F$8:$F$259,MATCH(B83,[1]Relação_Calibrações_Localização!$B$8:$B$259,0))="PERDIDO",INDEX([1]Relação_Calibrações_Localização!F121:F371,MATCH(B83,[1]Relação_Calibrações_Localização!$B$8:$B$259,0))="NÃO LOCALIZADO"),"PERDIDO", IF(OR(Q83="",T83="",W83=""),"INDETERMINADO",IF(MAX(R83,U83,X83)<=5,"APROVADO","REPROVADO"))) -> APROVADO
A84: 37334847 | B84: DLH-0119 | C84: 45855 | D84: 46220 | E84: 605450 | F84: 0.2 | G84: 0.19 | H84: 0.39 | I84: 0.09 | J84: 0.29 | K84: 0.09 | L84: 0.29 | M84: -0.01 | N84: 0.21 | O84: =IF(OR(INDEX([1]Relação_Calibrações_Localização!$F$8:$F$259,MATCH(B84,[1]Relação_Calibrações_Localização!$B$8:$B$259,0))="PERDIDO",INDEX([1]Relação_Calibrações_Localização!F126:F376,MATCH(B84,[1]Relação_Calibrações_Localização!$B$8:$B$259,0))="NÃO LOCALIZADO"),"PERDIDO", IF(OR(G84="",I84="",K84="",M84=""),"INDETERMINADO",IF(MAX(H84,J84,L84,N84)<=0.5,"APROVADO","REPROVADO"))) -> APROVADO | P84: 0.4 | Q84: 3.8 | R84: 4.2 | S84: 1 | T84: 3.2 | U84: 4.2 | V84: 1.5 | W84: 0.9 | X84: 2.4 | Y84: =IF(OR(INDEX([1]Relação_Calibrações_Localização!$F$8:$F$259,MATCH(B84,[1]Relação_Calibrações_Localização!$B$8:$B$259,0))="PERDIDO",INDEX([1]Relação_Calibrações_Localização!F126:F376,MATCH(B84,[1]Relação_Calibrações_Localização!$B$8:$B$259,0))="NÃO LOCALIZADO"),"PERDIDO", IF(OR(Q84="",T84="",W84=""),"INDETERMINADO",IF(MAX(R84,U84,X84)<=5,"APROVADO","REPROVADO"))) -> APROVADO
A85: 37334875 | B85: DLH-0120 | C85: 45855 | D85: 46220 | E85: 605480 | F85: 0.2 | G85: 0.09 | H85: 0.29 | I85: 0.09 | J85: 0.29 | K85: -0.01 | L85: 0.21 | M85: -0.21 | N85: 0.41 | O85: APROVADO | P85: 0.4 | Q85: 3 | R85: 3.4 | S85: 1 | T85: 2.5 | U85: 3.5 | V85: 1.5 | W85: 0 | X85: 1.5 | Y85: =IF(OR(INDEX([1]Relação_Calibrações_Localização!$F$8:$F$259,MATCH(B85,[1]Relação_Calibrações_Localização!$B$8:$B$259,0))="PERDIDO",INDEX([1]Relação_Calibrações_Localização!F127:F377,MATCH(B85,[1]Relação_Calibrações_Localização!$B$8:$B$259,0))="NÃO LOCALIZADO"),"PERDIDO", IF(OR(Q85="",T85="",W85=""),"INDETERMINADO",IF(MAX(R85,U85,X85)<=5,"APROVADO","REPROVADO"))) -> APROVADO
A86: 37334894 | B86: DLH-0121 | C86: 45855 | D86: 46220 | E86: 605421 | F86: 0.2 | G86: -0.01 | H86: 0.21 | I86: -0.11 | J86: 0.31 | K86: 0.09 | L86: 0.29 | M86: 0.19 | N86: 0.39 | O86: =IF(OR(INDEX([1]Relação_Calibrações_Localização!$F$8:$F$259,MATCH(B86,[1]Relação_Calibrações_Localização!$B$8:$B$259,0))="PERDIDO",INDEX([1]Relação_Calibrações_Localização!F128:F378,MATCH(B86,[1]Relação_Calibrações_Localização!$B$8:$B$259,0))="NÃO LOCALIZADO"),"PERDIDO", IF(OR(G86="",I86="",K86="",M86=""),"INDETERMINADO",IF(MAX(H86,J86,L86,N86)<=0.5,"APROVADO","REPROVADO"))) -> APROVADO | P86: 0.4 | Q86: 3.2 | R86: 3.6 | S86: 1 | T86: 3.8 | U86: 4.8 | V86: 1.5 | W86: 1.8 | X86: 3.3 | Y86: =IF(OR(INDEX([1]Relação_Calibrações_Localização!$F$8:$F$259,MATCH(B86,[1]Relação_Calibrações_Localização!$B$8:$B$259,0))="PERDIDO",INDEX([1]Relação_Calibrações_Localização!F128:F378,MATCH(B86,[1]Relação_Calibrações_Localização!$B$8:$B$259,0))="NÃO LOCALIZADO"),"PERDIDO", IF(OR(Q86="",T86="",W86=""),"INDETERMINADO",IF(MAX(R86,U86,X86)<=5,"APROVADO","REPROVADO"))) -> APROVADO
A87: 37334906 | B87: DLH-0122 | C87: 45855 | D87: 46220 | E87: 605419 | F87: 0.2 | G87: -0.01 | H87: 0.21 | I87: -0.11 | J87: 0.31 | K87: -0.11 | L87: 0.31 | M87: -0.21 | N87: 0.41 | O87: =IF(OR(INDEX([1]Relação_Calibrações_Localização!$F$8:$F$259,MATCH(B87,[1]Relação_Calibrações_Localização!$B$8:$B$259,0))="PERDIDO",INDEX([1]Relação_Calibrações_Localização!F129:F379,MATCH(B87,[1]Relação_Calibrações_Localização!$B$8:$B$259,0))="NÃO LOCALIZADO"),"PERDIDO", IF(OR(G87="",I87="",K87="",M87=""),"INDETERMINADO",IF(MAX(H87,J87,L87,N87)<=0.5,"APROVADO","REPROVADO"))) -> APROVADO | P87: 0.4 | Q87: 2.6 | R87: 3 | S87: 1 | T87: 0.3 | U87: 1.3 | V87: 1.5 | W87: -1.5 | X87: 3 | Y87: =IF(OR(INDEX([1]Relação_Calibrações_Localização!$F$8:$F$259,MATCH(B87,[1]Relação_Calibrações_Localização!$B$8:$B$259,0))="PERDIDO",INDEX([1]Relação_Calibrações_Localização!F129:F379,MATCH(B87,[1]Relação_Calibrações_Localização!$B$8:$B$259,0))="NÃO LOCALIZADO"),"PERDIDO", IF(OR(Q87="",T87="",W87=""),"INDETERMINADO",IF(MAX(R87,U87,X87)<=5,"APROVADO","REPROVADO"))) -> APROVADO
A88: 37334912 | B88: DLH-0123 | C88: 45855 | D88: 46220 | E88: 605492 | F88: 0.2 | G88: -0.11 | H88: 0.31 | I88: -0.01 | J88: 0.21 | K88: 0.09 | L88: 0.29 | M88: 0.19 | N88: 0.39 | O88: =IF(OR(INDEX([1]Relação_Calibrações_Localização!$F$8:$F$259,MATCH(B88,[1]Relação_Calibrações_Localização!$B$8:$B$259,0))="PERDIDO",INDEX([1]Relação_Calibrações_Localização!F130:F380,MATCH(B88,[1]Relação_Calibrações_Localização!$B$8:$B$259,0))="NÃO LOCALIZADO"),"PERDIDO", IF(OR(G88="",I88="",K88="",M88=""),"INDETERMINADO",IF(MAX(H88,J88,L88,N88)<=0.5,"APROVADO","REPROVADO"))) -> APROVADO | P88: 0.4 | Q88: 3.1 | R88: 3.5 | S88: 1 | T88: 2.8 | U88: 3.8 | V88: 1.5 | W88: 0.5 | X88: 2 | Y88: =IF(OR(INDEX([1]Relação_Calibrações_Localização!$F$8:$F$259,MATCH(B88,[1]Relação_Calibrações_Localização!$B$8:$B$259,0))="PERDIDO",INDEX([1]Relação_Calibrações_Localização!F130:F380,MATCH(B88,[1]Relação_Calibrações_Localização!$B$8:$B$259,0))="NÃO LOCALIZADO"),"PERDIDO", IF(OR(Q88="",T88="",W88=""),"INDETERMINADO",IF(MAX(R88,U88,X88)<=5,"APROVADO","REPROVADO"))) -> APROVADO
A89: 37334914 | B89: DLH-0124 | C89: 45855 | D89: 46220 | E89: 605478 | F89: 0.2 | G89: -0.01 | H89: 0.21 | I89: -0.11 | J89: 0.31 | K89: -0.11 | L89: 0.31 | M89: -0.11 | N89: 0.31 | O89: =IF(OR(INDEX([1]Relação_Calibrações_Localização!$F$8:$F$259,MATCH(B89,[1]Relação_Calibrações_Localização!$B$8:$B$259,0))="PERDIDO",INDEX([1]Relação_Calibrações_Localização!F131:F381,MATCH(B89,[1]Relação_Calibrações_Localização!$B$8:$B$259,0))="NÃO LOCALIZADO"),"PERDIDO", IF(OR(G89="",I89="",K89="",M89=""),"INDETERMINADO",IF(MAX(H89,J89,L89,N89)<=0.5,"APROVADO","REPROVADO"))) -> APROVADO | P89: 0.4 | Q89: 3.7 | R89: 4.1 | S89: 1 | T89: 3.3 | U89: 4.3 | V89: 1.5 | W89: 2.8 | X89: 4.3 | Y89: =IF(OR(INDEX([1]Relação_Calibrações_Localização!$F$8:$F$259,MATCH(B89,[1]Relação_Calibrações_Localização!$B$8:$B$259,0))="PERDIDO",INDEX([1]Relação_Calibrações_Localização!F131:F381,MATCH(B89,[1]Relação_Calibrações_Localização!$B$8:$B$259,0))="NÃO LOCALIZADO"),"PERDIDO", IF(OR(Q89="",T89="",W89=""),"INDETERMINADO",IF(MAX(R89,U89,X89)<=5,"APROVADO","REPROVADO"))) -> APROVADO
A90: 37334926 | B90: DLH-0126 | C90: 45855 | D90: 46220 | E90: 605546 | F90: 0.2 | G90: -0.01 | H90: 0.21 | I90: 0.09 | J90: 0.29 | K90: 0.09 | L90: 0.29 | M90: 0.19 | N90: 0.39 | O90: =IF(OR(INDEX([1]Relação_Calibrações_Localização!$F$8:$F$259,MATCH(B90,[1]Relação_Calibrações_Localização!$B$8:$B$259,0))="PERDIDO",INDEX([1]Relação_Calibrações_Localização!F133:F383,MATCH(B90,[1]Relação_Calibrações_Localização!$B$8:$B$259,0))="NÃO LOCALIZADO"),"PERDIDO", IF(OR(G90="",I90="",K90="",M90=""),"INDETERMINADO",IF(MAX(H90,J90,L90,N90)<=0.5,"APROVADO","REPROVADO"))) -> APROVADO | P90: 0.4 | Q90: 2.7 | R90: 3.1 | S90: 1 | T90: 1.8 | U90: 2.8 | V90: 1.5 | W90: 1.6 | X90: 3.1 | Y90: =IF(OR(INDEX([1]Relação_Calibrações_Localização!$F$8:$F$259,MATCH(B90,[1]Relação_Calibrações_Localização!$B$8:$B$259,0))="PERDIDO",INDEX([1]Relação_Calibrações_Localização!F133:F383,MATCH(B90,[1]Relação_Calibrações_Localização!$B$8:$B$259,0))="NÃO LOCALIZADO"),"PERDIDO", IF(OR(Q90="",T90="",W90=""),"INDETERMINADO",IF(MAX(R90,U90,X90)<=5,"APROVADO","REPROVADO"))) -> APROVADO
A91: 37335285 | B91: DLH-0127 | C91: 45855 | D91: 46220 | E91: 605503 | F91: 0.2 | G91: -0.01 | H91: 0.21 | I91: -0.11 | J91: 0.31 | K91: -0.21 | L91: 0.41 | M91: -0.21 | N91: 0.41 | O91: =IF(OR(INDEX([1]Relação_Calibrações_Localização!$F$8:$F$259,MATCH(B91,[1]Relação_Calibrações_Localização!$B$8:$B$259,0))="PERDIDO",INDEX([1]Relação_Calibrações_Localização!F134:F384,MATCH(B91,[1]Relação_Calibrações_Localização!$B$8:$B$259,0))="NÃO LOCALIZADO"),"PERDIDO", IF(OR(G91="",I91="",K91="",M91=""),"INDETERMINADO",IF(MAX(H91,J91,L91,N91)<=0.5,"APROVADO","REPROVADO"))) -> APROVADO | P91: 0.4 | Q91: 2.8 | R91: 3.2 | S91: 1 | T91: 1.7 | U91: 2.7 | V91: 1.5 | W91: 1.8 | X91: 3.3 | Y91: =IF(OR(INDEX([1]Relação_Calibrações_Localização!$F$8:$F$259,MATCH(B91,[1]Relação_Calibrações_Localização!$B$8:$B$259,0))="PERDIDO",INDEX([1]Relação_Calibrações_Localização!F134:F384,MATCH(B91,[1]Relação_Calibrações_Localização!$B$8:$B$259,0))="NÃO LOCALIZADO"),"PERDIDO", IF(OR(Q91="",T91="",W91=""),"INDETERMINADO",IF(MAX(R91,U91,X91)<=5,"APROVADO","REPROVADO"))) -> APROVADO
A92: 37335320 | B92: DLH-0129 | C92: 45855 | D92: 46220 | E92: 605491 | F92: 0.2 | G92: 0.09 | H92: 0.29 | I92: -0.01 | J92: 0.21 | K92: -0.11 | L92: 0.31 | M92: -0.21 | N92: 0.41 | O92: =IF(OR(INDEX([1]Relação_Calibrações_Localização!$F$8:$F$259,MATCH(B92,[1]Relação_Calibrações_Localização!$B$8:$B$259,0))="PERDIDO",INDEX([1]Relação_Calibrações_Localização!F136:F386,MATCH(B92,[1]Relação_Calibrações_Localização!$B$8:$B$259,0))="NÃO LOCALIZADO"),"PERDIDO", IF(OR(G92="",I92="",K92="",M92=""),"INDETERMINADO",IF(MAX(H92,J92,L92,N92)<=0.5,"APROVADO","REPROVADO"))) -> APROVADO | P92: 0.4 | Q92: 2.1 | R92: 2.5 | S92: 1 | T92: 1.7 | U92: 2.7 | V92: 1.5 | W92: -0.8 | X92: 2.3 | Y92: =IF(OR(INDEX([1]Relação_Calibrações_Localização!$F$8:$F$259,MATCH(B92,[1]Relação_Calibrações_Localização!$B$8:$B$259,0))="PERDIDO",INDEX([1]Relação_Calibrações_Localização!F136:F386,MATCH(B92,[1]Relação_Calibrações_Localização!$B$8:$B$259,0))="NÃO LOCALIZADO"),"PERDIDO", IF(OR(Q92="",T92="",W92=""),"INDETERMINADO",IF(MAX(R92,U92,X92)<=5,"APROVADO","REPROVADO"))) -> APROVADO
A93: 37337335 | B93: DLH-0131 | C93: 45855 | D93: 46220 | E93: 605424 | F93: 0.2 | G93: -0.01 | H93: 0.21 | I93: -0.11 | J93: 0.31 | K93: -0.11 | L93: 0.31 | M93: -0.21 | N93: 0.41 | O93: APROVADO | P93: 0.4 | Q93: 3.9 | R93: 4.3 | S93: 1 | T93: 3.7 | U93: 4.7 | V93: 1.5 | W93: 2.3 | X93: 3.8 | Y93: =IF(OR(INDEX([1]Relação_Calibrações_Localização!$F$8:$F$259,MATCH(B93,[1]Relação_Calibrações_Localização!$B$8:$B$259,0))="PERDIDO",INDEX([1]Relação_Calibrações_Localização!F138:F388,MATCH(B93,[1]Relação_Calibrações_Localização!$B$8:$B$259,0))="NÃO LOCALIZADO"),"PERDIDO", IF(OR(Q93="",T93="",W93=""),"INDETERMINADO",IF(MAX(R93,U93,X93)<=5,"APROVADO","REPROVADO"))) -> APROVADO
A94: 37337351 | B94: DLH-0132 | C94: 45855 | D94: 46220 | E94: 605482 | F94: 0.2 | G94: 0.19 | H94: 0.39 | I94: 0.09 | J94: 0.29 | K94: -0.01 | L94: 0.21 | M94: -0.01 | N94: 0.21 | O94: APROVADO | P94: 0.4 | Q94: 3.9 | R94: 4.3 | S94: 1 | T94: 3 | U94: 4 | V94: 1.5 | W94: 2.7 | X94: 4.2 | Y94: =IF(OR(INDEX([1]Relação_Calibrações_Localização!$F$8:$F$259,MATCH(B94,[1]Relação_Calibrações_Localização!$B$8:$B$259,0))="PERDIDO",INDEX([1]Relação_Calibrações_Localização!F139:F389,MATCH(B94,[1]Relação_Calibrações_Localização!$B$8:$B$259,0))="NÃO LOCALIZADO"),"PERDIDO", IF(OR(Q94="",T94="",W94=""),"INDETERMINADO",IF(MAX(R94,U94,X94)<=5,"APROVADO","REPROVADO"))) -> APROVADO
A95: 37339075 | B95: DLH-0133 | C95: 45855 | D95: 46220 | E95: 605516 | F95: 0.2 | G95: -0.11 | H95: 0.31 | I95: -0.11 | J95: 0.31 | K95: -0.01 | L95: 0.21 | M95: -0.01 | N95: 0.21 | O95: APROVADO | P95: 0.4 | Q95: 2.9 | R95: 3.3 | S95: 1 | T95: 2.8 | U95: 3.8 | V95: 1.5 | W95: 2.5 | X95: 4 | Y95: =IF(OR(INDEX([1]Relação_Calibrações_Localização!$F$8:$F$259,MATCH(B95,[1]Relação_Calibrações_Localização!$B$8:$B$259,0))="PERDIDO",INDEX([1]Relação_Calibrações_Localização!F140:F390,MATCH(B95,[1]Relação_Calibrações_Localização!$B$8:$B$259,0))="NÃO LOCALIZADO"),"PERDIDO", IF(OR(Q95="",T95="",W95=""),"INDETERMINADO",IF(MAX(R95,U95,X95)<=5,"APROVADO","REPROVADO"))) -> APROVADO
A96: 37339087 | B96: DLH-0135 | C96: 45855 | D96: 46220 | E96: 605452 | F96: 0.2 | G96: -0.21 | H96: 0.41 | I96: -0.21 | J96: 0.41 | K96: -0.01 | L96: 0.21 | M96: 0.19 | N96: 0.39 | O96: APROVADO | P96: 0.4 | Q96: 3.9 | R96: 4.3 | S96: 1 | T96: 3.8 | U96: 4.8 | V96: 1.5 | W96: 3.3 | X96: 4.8 | Y96: =IF(OR(INDEX([1]Relação_Calibrações_Localização!$F$8:$F$259,MATCH(B96,[1]Relação_Calibrações_Localização!$B$8:$B$259,0))="PERDIDO",INDEX([1]Relação_Calibrações_Localização!F142:F392,MATCH(B96,[1]Relação_Calibrações_Localização!$B$8:$B$259,0))="NÃO LOCALIZADO"),"PERDIDO", IF(OR(Q96="",T96="",W96=""),"INDETERMINADO",IF(MAX(R96,U96,X96)<=5,"APROVADO","REPROVADO"))) -> APROVADO
A97: 37339093 | B97: DLH-0136 | C97: 45855 | D97: 46220 | E97: 605445 | F97: 0.2 | G97: -0.11 | H97: 0.31 | I97: -0.01 | J97: 0.21 | K97: 0.09 | L97: 0.29 | M97: 0.09 | N97: 0.29 | O97: APROVADO | P97: 0.4 | Q97: 2.7 | R97: 3.1 | S97: 1 | T97: 2.3 | U97: 3.3 | V97: 1.5 | W97: 0.8 | X97: 2.3 | Y97: =IF(OR(INDEX([1]Relação_Calibrações_Localização!$F$8:$F$259,MATCH(B97,[1]Relação_Calibrações_Localização!$B$8:$B$259,0))="PERDIDO",INDEX([1]Relação_Calibrações_Localização!F143:F393,MATCH(B97,[1]Relação_Calibrações_Localização!$B$8:$B$259,0))="NÃO LOCALIZADO"),"PERDIDO", IF(OR(Q97="",T97="",W97=""),"INDETERMINADO",IF(MAX(R97,U97,X97)<=5,"APROVADO","REPROVADO"))) -> APROVADO
A98: 37339122 | B98: DLH-0140 | C98: 45855 | D98: 46220 | E98: 605509 | F98: 0.2 | G98: -0.21 | H98: 0.41 | I98: -0.11 | J98: 0.31 | K98: -0.11 | L98: 0.31 | M98: -0.01 | N98: 0.21 | O98: APROVADO | P98: 0.4 | Q98: 2.9 | R98: 3.3 | S98: 1 | T98: 1.1 | U98: 2.1 | V98: 1.5 | W98: 1.2 | X98: 2.7 | Y98: =IF(OR(INDEX([1]Relação_Calibrações_Localização!$F$8:$F$259,MATCH(B98,[1]Relação_Calibrações_Localização!$B$8:$B$259,0))="PERDIDO",INDEX([1]Relação_Calibrações_Localização!F147:F397,MATCH(B98,[1]Relação_Calibrações_Localização!$B$8:$B$259,0))="NÃO LOCALIZADO"),"PERDIDO", IF(OR(Q98="",T98="",W98=""),"INDETERMINADO",IF(MAX(R98,U98,X98)<=5,"APROVADO","REPROVADO"))) -> APROVADO
A99: 37339129 | B99: DLH-0141 | C99: 45855 | D99: 46220 | E99: 605467 | F99: 0.2 | G99: -0.01 | H99: 0.21 | I99: -0.01 | J99: 0.21 | K99: 0.09 | L99: 0.29 | M99: 0.19 | N99: 0.39 | O99: APROVADO | P99: 0.4 | Q99: 2.6 | R99: 3 | S99: 1 | T99: 2.7 | U99: 3.7 | V99: 1.5 | W99: 2.5 | X99: 4 | Y99: =IF(OR(INDEX([1]Relação_Calibrações_Localização!$F$8:$F$259,MATCH(B99,[1]Relação_Calibrações_Localização!$B$8:$B$259,0))="PERDIDO",INDEX([1]Relação_Calibrações_Localização!F148:F398,MATCH(B99,[1]Relação_Calibrações_Localização!$B$8:$B$259,0))="NÃO LOCALIZADO"),"PERDIDO", IF(OR(Q99="",T99="",W99=""),"INDETERMINADO",IF(MAX(R99,U99,X99)<=5,"APROVADO","REPROVADO"))) -> APROVADO
A100: 37339808 | B100: DLH-0145 | C100: 45855 | D100: 46220 | E100: 605431 | F100: 0.2 | G100: -0.01 | H100: 0.21 | I100: 0.09 | J100: 0.29 | K100: 0.19 | L100: 0.39 | M100: 0.19 | N100: 0.39 | O100: APROVADO | P100: 0.4 | Q100: 2.7 | R100: 3.1 | S100: 1 | T100: 2.1 | U100: 3.1 | V100: 1.5 | W100: -0.3 | X100: 1.8 | Y100: =IF(OR(INDEX([1]Relação_Calibrações_Localização!$F$8:$F$259,MATCH(B100,[1]Relação_Calibrações_Localização!$B$8:$B$259,0))="PERDIDO",INDEX([1]Relação_Calibrações_Localização!F152:F402,MATCH(B100,[1]Relação_Calibrações_Localização!$B$8:$B$259,0))="NÃO LOCALIZADO"),"PERDIDO", IF(OR(Q100="",T100="",W100=""),"INDETERMINADO",IF(MAX(R100,U100,X100)<=5,"APROVADO","REPROVADO"))) -> APROVADO
A101: 37340845 | B101: DLH-0153 | C101: 45855 | D101: 46220 | E101: 605449 | F101: 0.2 | G101: -0.01 | H101: 0.21 | I101: -0.11 | J101: 0.31 | K101: -0.21 | L101: 0.41 | M101: -0.21 | N101: 0.41 | O101: =IF(OR(INDEX([1]Relação_Calibrações_Localização!$F$8:$F$259,MATCH(B101,[1]Relação_Calibrações_Localização!$B$8:$B$259,0))="PERDIDO",INDEX([1]Relação_Calibrações_Localização!F160:F410,MATCH(B101,[1]Relação_Calibrações_Localização!$B$8:$B$259,0))="NÃO LOCALIZADO"),"PERDIDO", IF(OR(G101="",I101="",K101="",M101=""),"INDETERMINADO",IF(MAX(H101,J101,L101,N101)<=0.5,"APROVADO","REPROVADO"))) -> APROVADO | P101: 0.4 | Q101: 3.5 | R101: 3.9 | S101: 1 | T101: 2.7 | U101: 3.7 | V101: 1.5 | W101: 1.1 | X101: 2.6 | Y101: =IF(OR(INDEX([1]Relação_Calibrações_Localização!$F$8:$F$259,MATCH(B101,[1]Relação_Calibrações_Localização!$B$8:$B$259,0))="PERDIDO",INDEX([1]Relação_Calibrações_Localização!F160:F410,MATCH(B101,[1]Relação_Calibrações_Localização!$B$8:$B$259,0))="NÃO LOCALIZADO"),"PERDIDO", IF(OR(Q101="",T101="",W101=""),"INDETERMINADO",IF(MAX(R101,U101,X101)<=5,"APROVADO","REPROVADO"))) -> APROVADO
A102: 37340846 | B102: DLH-0154 | C102: 45855 | D102: 46220 | E102: 605490 | F102: 0.2 | G102: -0.01 | H102: 0.21 | I102: -0.11 | J102: 0.31 | K102: -0.21 | L102: 0.41 | M102: -0.21 | N102: 0.41 | O102: =IF(OR(INDEX([1]Relação_Calibrações_Localização!$F$8:$F$259,MATCH(B102,[1]Relação_Calibrações_Localização!$B$8:$B$259,0))="PERDIDO",INDEX([1]Relação_Calibrações_Localização!F161:F411,MATCH(B102,[1]Relação_Calibrações_Localização!$B$8:$B$259,0))="NÃO LOCALIZADO"),"PERDIDO", IF(OR(G102="",I102="",K102="",M102=""),"INDETERMINADO",IF(MAX(H102,J102,L102,N102)<=0.5,"APROVADO","REPROVADO"))) -> APROVADO | P102: 0.4 | Q102: 3.7 | R102: 4.1 | S102: 1 | T102: 2.8 | U102: 3.8 | V102: 1.5 | W102: 3.3 | X102: 4.8 | Y102: =IF(OR(INDEX([1]Relação_Calibrações_Localização!$F$8:$F$259,MATCH(B102,[1]Relação_Calibrações_Localização!$B$8:$B$259,0))="PERDIDO",INDEX([1]Relação_Calibrações_Localização!F161:F411,MATCH(B102,[1]Relação_Calibrações_Localização!$B$8:$B$259,0))="NÃO LOCALIZADO"),"PERDIDO", IF(OR(Q102="",T102="",W102=""),"INDETERMINADO",IF(MAX(R102,U102,X102)<=5,"APROVADO","REPROVADO"))) -> APROVADO
...
